rank,driverId,driverName,forename,surname,eloRating,matchups,wins,losses
1,830,Max Verstappen,Max,Verstappen,1526.1673193749755,164,138,26
2,102,Ayrton Senna,Ayrton,Senna,1379.8239658643497,62,52,10
3,579,Juan Fangio,Juan,Fangio,1316.5414055874737,78,75,3
4,18,Jenson Button,Jenson,Button,1311.0227098044631,176,103,73
5,373,Jim Clark,Jim,Clark,1280.958300607762,46,39,7
6,844,Charles Leclerc,Charles,Leclerc,1273.8006978684773,139,91,48
7,4,Fernando Alonso,Fernando,Alonso,1248.763886782156,277,213,64
8,30,Michael Schumacher,Michael,Schumacher,1240.3991656302153,177,131,46
9,358,Jochen Rindt,Jochen,Rindt,1224.1734214422468,23,20,3
10,647,Alberto Ascari,Alberto,Ascari,1221.080247298389,52,48,4
11,95,Nigel Mansell,Nigel,Mansell,1219.458217706848,58,36,22
12,848,Alexander Albon,Alexander,Albon,1197.735958527522,81,52,29
13,360,Bruce McLaren,Bruce,McLaren,1196.6780130866664,62,44,18
14,364,Dan Gurney,Dan,Gurney,1187.3889562864572,39,31,8
15,475,Stirling Moss,Stirling,Moss,1182.078061918747,48,37,11
16,182,Niki Lauda,Niki,Lauda,1172.288098436767,64,42,22
17,328,Jackie Stewart,Jackie,Stewart,1171.0043403818631,48,37,11
18,847,George Russell,George,Russell,1164.9951721084044,123,82,41
19,31,Juan Pablo Montoya,Juan,Pablo Montoya,1163.3847158614499,46,28,18
20,117,Alain Prost,Alain,Prost,1160.0487881081885,74,44,30
21,341,John Surtees,John,Surtees,1158.3006343922762,26,23,3
22,63,Mika Salo,Mika,Salo,1153.186859875526,32,25,7
23,3,Nico Rosberg,Nico,Rosberg,1148.6713000184716,142,75,67
24,863,Andrea Kimi Antonelli,Andrea Kimi,Antonelli,1145.4764803098278,26,8,18
25,832,Carlos Sainz,Carlos,Sainz,1142.284928668855,149,69,80
26,824,Jules Bianchi,Jules,Bianchi,1142.2460986996005,26,22,4
27,56,Eddie Irvine,Eddie,Irvine,1141.114526563219,56,20,36
28,137,Nelson Piquet,Nelson,Piquet,1134.444763980033,60,41,19
29,1,Lewis Hamilton,Lewis,Hamilton,1133.1934081482286,312,182,130
30,203,Gilles Villeneuve,Gilles,Villeneuve,1130.3527724478522,28,18,10
31,231,James Hunt,James,Hunt,1128.2431552629303,26,22,4
32,77,Gerhard Berger,Gerhard,Berger,1126.749887054106,64,28,36
33,345,Pedro Rodríguez,Pedro,Rodríguez,1125.9108509258383,17,13,4
34,224,Emerson Fittipaldi,Emerson,Fittipaldi,1125.6484411133522,39,28,11
35,252,Tom Pryce,Tom,Pryce,1124.443937478648,10,9,1
36,860,Oliver Bearman,Oliver,Bearman,1123.0573449079327,19,12,7
37,842,Pierre Gasly,Pierre,Gasly,1117.8889621429405,112,61,51
38,94,Pierluigi Martini,Pierluigi,Martini,1117.6089088250192,22,16,6
39,846,Lando Norris,Lando,Norris,1116.359535477977,131,83,48
40,854,Mick Schumacher,Mick,Schumacher,1114.0801419787917,29,20,9
41,100,Érik Comas,Érik,Comas,1112.9789254129382,16,11,5
42,55,Jean Alesi,Jean,Alesi,1111.6574902571679,52,30,22
43,178,Alan Jones,Alan,Jones,1105.1837641752375,41,29,12
44,49,Heinz-Harald Frentzen,Heinz-Harald,Frentzen,1104.4588102045275,54,34,20
45,578,Mike Hawthorn,Mike,Hawthorn,1103.6978579125137,37,21,16
46,238,Ronnie Peterson,Ronnie,Peterson,1102.710684286647,56,37,19
47,230,Vittorio Brambilla,Vittorio,Brambilla,1102.3684666012925,16,10,6
48,65,Johnny Herbert,Johnny,Herbert,1100.8464044406526,54,26,28
49,836,Pascal Wehrlein,Pascal,Wehrlein,1099.7367851690135,24,17,7
50,306,Jean-Pierre Beltoise,Jean-Pierre,Beltoise,1095.6726990378756,31,17,14
51,202,Didier Pironi,Didier,Pironi,1094.7596518230175,23,11,12
52,627,Louis Rosier,Louis,Rosier,1094.3906712857045,34,22,12
53,145,Alessandro Nannini,Alessandro,Nannini,1093.3683684506234,20,11,9
54,8,Kimi Räikkönen,Kimi,Räikkönen,1093.3020211640965,224,119,105
55,476,Wolfgang von Trips,Wolfgang,von Trips,1090.754988106466,17,12,5
56,857,Oscar Piastri,Oscar,Piastri,1090.159109554625,68,23,45
57,10,Timo Glock,Timo,Glock,1089.9310280886632,57,33,24
58,642,Nino Farina,Nino,Farina,1088.931218992873,33,19,14
59,808,Vitaly Petrov,Vitaly,Petrov,1088.5406535629033,40,17,23
60,577,Luigi Musso,Luigi,Musso,1083.5227684840665,21,16,5
61,356,Jack Brabham,Jack,Brabham,1082.2757332324402,73,50,23
62,250,Carlos Pace,Carlos,Pace,1081.2461699325238,26,15,11
63,235,Jacky Ickx,Jacky,Ickx,1078.9234792736302,49,33,16
64,309,Peter Revson,Peter,Revson,1076.736801138288,16,8,8
65,207,Mario Andretti,Mario,Andretti,1076.0159877688218,35,22,13
66,841,Antonio Giovinazzi,Antonio,Giovinazzi,1070.2720948792594,50,16,34
67,289,Graham Hill,Graham,Hill,1069.2466534571963,78,48,30
68,278,Chris Amon,Chris,Amon,1068.434192293809,22,15,7
69,624,Hernando da Silva Ramos,Hernando,da Silva Ramos,1068.3542567500535,5,5,0
70,43,Cristiano da Matta,Cristiano,da Matta,1065.2801910570163,12,7,5
71,23,Ralf Schumacher,Ralf,Schumacher,1065.0919335817082,78,39,39
72,498,José Froilán González,José Froilán,González,1062.8269871638768,19,11,8
73,131,Stefano Modena,Stefano,Modena,1062.3922492333957,12,9,3
74,2,Nick Heidfeld,Nick,Heidfeld,1061.1037409872629,96,53,43
75,294,Tony Brise,Tony,Brise,1060.5536750866233,3,3,0
76,175,Patrick Tambay,Patrick,Tambay,1058.0188283880004,29,17,12
77,153,Jaime Alguersuari,Jaime,Alguersuari,1057.3055419684943,24,12,12
78,554,Jean Behra,Jean,Behra,1056.9716569026416,31,21,10
79,50,Jos Verstappen,Jos,Verstappen,1055.2263255126088,24,12,12
80,114,Yannick Dalmas,Yannick,Dalmas,1053.6920819520242,5,4,1
81,312,Brian Redman,Brian,Redman,1053.670598814442,4,3,1
82,91,Karl Wendlinger,Karl,Wendlinger,1053.326646698632,11,7,4
83,133,Alex Caffi,Alex,Caffi,1053.2681364211785,7,5,2
84,110,Andrea de Cesaris,Andrea,de Cesaris,1051.4952236907088,27,16,11
85,626,Robert Manzon,Robert,Manzon,1051.4023756950096,4,3,1
86,155,Kamui Kobayashi,Kamui,Kobayashi,1050.92925987122,39,25,14
87,581,Peter Collins,Peter,Collins,1050.3431605772319,14,8,6
88,608,Eugenio Castellotti,Eugenio,Castellotti,1048.8188416062087,8,6,2
89,589,Louis Chiron,Louis,Chiron,1047.8036185958485,7,5,2
90,861,Franco Colapinto,Franco,Colapinto,1045.1851029955246,12,4,8
91,200,Jochen Mass,Jochen,Mass,1044.0718556691565,41,16,25
92,807,Nico Hülkenberg,Nico,Hülkenberg,1042.838362287976,169,96,73
93,456,Roy Salvadori,Roy,Salvadori,1040.8964585325946,24,15,9
94,221,Patrick Depailler,Patrick,Depailler,1040.713798026654,37,17,20
95,170,Teo Fabi,Teo,Fabi,1039.8626127724538,8,4,4
96,66,Allan McNish,Allan,McNish,1037.8315128525512,6,3,3
97,670,Onofre Marimón,Onofre,Marimón,1037.8152218878943,5,4,1
98,840,Lance Stroll,Lance,Stroll,1036.4285615355673,130,47,83
99,199,Carlos Reutemann,Carlos,Reutemann,1035.1868080334893,64,31,33
100,84,Martin Brundle,Martin,Brundle,1034.4802060039285,40,19,21
101,288,Mark Donohue,Mark,Donohue,1033.6841696770568,1,1,0
102,307,Howden Ganley,Howden,Ganley,1032.2812087164336,16,8,8
103,193,Danny Sullivan,Danny,Sullivan,1032.1317301503248,3,2,1
104,57,Mika Häkkinen,Mika,Häkkinen,1031.4224492740623,61,40,21
105,819,Charles Pic,Charles,Pic,1031.1733311662626,25,13,12
106,814,Paul di Resta,Paul,di Resta,1030.4645878973724,42,20,22
107,333,Andrea de Adamich,Andrea,de Adamich,1029.9002909212375,4,2,2
108,127,Maurício Gugelmin,Maurício,Gugelmin,1029.7982675847202,9,5,4
109,27,Christijan Albers,Christijan,Albers,1029.552040741124,17,10,7
110,304,Denny Hulme,Denny,Hulme,1028.7690994023492,59,28,31
111,22,Rubens Barrichello,Rubens,Barrichello,1027.7176753308743,167,60,107
112,48,Marc Gené,Marc,Gené,1027.3543429919323,13,8,5
113,246,Hans Binder,Hans,Binder,1026.2672706179258,3,2,1
114,866,Gabriel Bortoleto,Gabriel,Bortoleto,1026.0608309168067,10,4,6
115,26,Scott Speed,Scott,Speed,1025.927449062025,10,5,5
116,834,Alexander Rossi,Alexander,Rossi,1025.331176696373,4,3,1
117,59,Enrique Bernoldi,Enrique,Bernoldi,1024.097269515582,7,3,4
118,190,Corrado Fabi,Corrado,Fabi,1024.0,1,1,0
119,388,Chris Irwin,Chris,Irwin,1024.0,1,1,0
120,406,Paul Hawkins,Paul,Hawkins,1024.0,1,1,0
121,484,Brian Naylor,Brian,Naylor,1024.0,1,1,0
122,500,Gino Munaron,Gino,Munaron,1024.0,1,1,0
123,682,Don Beauman,Don,Beauman,1024.0,2,2,0
124,710,Rudolf Krause,Rudolf,Krause,1024.0,1,1,0
125,742,Dennis Poore,Dennis,Poore,1024.0,3,3,0
126,751,Fritz Riess,Fritz,Riess,1024.0,2,2,0
127,784,David Hampshire,David,Hampshire,1024.0,2,2,0
128,462,Colin Davis,Colin,Davis,1023.6294851424252,1,1,0
129,696,John Barber,John,Barber,1023.4024544895831,1,1,0
130,544,Piero Drogo,Piero,Drogo,1023.171398827246,1,1,0
131,86,Giovanni Lavaggi,Giovanni,Lavaggi,1022.9385378250287,1,1,0
132,290,Wilson Fittipaldi,Wilson,Fittipaldi,1022.5785164924491,8,5,3
133,363,Ignazio Giunti,Ignazio,Giunti,1022.5180722057696,2,1,1
134,505,Chris Bristow,Chris,Bristow,1022.344770653112,1,1,0
135,502,Alan Stacey,Alan,Stacey,1022.3302154769651,1,1,0
136,669,Prince Bira,Prince,Bira,1022.1798101234203,12,7,5
137,97,Massimiliano Papis,Massimiliano,Papis,1022.009026399236,1,1,0
138,441,Tim Parnell,Tim,Parnell,1021.8287000814756,1,1,0
139,237,Alex Ribeiro,Alex,Ribeiro,1021.5995738587578,3,2,1
140,262,Jackie Oliver,Jackie,Oliver,1021.5797662710885,11,5,6
141,259,David Purley,David,Purley,1020.8898585461641,1,1,0
142,380,Frank Gardner,Frank,Gardner,1020.6891346434954,4,3,1
143,404,Innes Ireland,Innes,Ireland,1019.6596306169224,23,13,10
144,52,Ralph Firman,Ralph,Firman,1019.3028441538422,2,1,1
145,51,Justin Wilson,Justin,Wilson,1019.0206652297563,5,3,2
146,838,Stoffel Vandoorne,Stoffel,Vandoorne,1018.589840589045,16,2,14
147,477,Cliff Allison,Cliff,Allison,1018.3671672893726,9,5,4
148,253,Ingo Hoffmann,Ingo,Hoffmann,1017.0271092286349,2,1,1
149,209,Geoff Lees,Geoff,Lees,1016.686761038725,1,1,0
150,185,Stefan Bellof,Stefan,Bellof,1016.6065785560488,3,2,1
151,13,Felipe Massa,Felipe,Massa,1016.5339077719339,194,69,125
152,663,Ken Wharton,Ken,Wharton,1016.3566617769436,6,3,3
153,852,Yuki Tsunoda,Yuki,Tsunoda,1015.351603716736,78,29,49
154,403,Phil Hill,Phil,Hill,1014.7052975924875,34,15,19
155,298,Gijs van Lennep,Gijs,van Lennep,1014.4919477147776,2,1,1
156,708,Duncan Hamilton,Duncan,Hamilton,1014.4843933995376,2,1,1
157,778,Brian Shawe Taylor,Brian,Shawe Taylor,1014.4779302709261,2,1,1
158,435,Willy Mairesse,Willy,Mairesse,1014.0842654945004,4,3,1
159,496,Carlos Menditeguy,Carlos,Menditeguy,1013.704406049709,4,1,3
160,483,Giorgio Scarlatti,Giorgio,Scarlatti,1013.3554344299879,6,2,4
161,305,Mike Hailwood,Mike,Hailwood,1012.8195267139215,20,11,9
162,313,Rikky von Opel,Rikky,von Opel,1012.7138975131558,2,1,1
163,823,Giedo van der Garde,Giedo,van der Garde,1012.6519205882493,12,4,8
164,251,Ian Scheckter,Ian,Scheckter,1012.3726633024266,2,1,1
165,386,Richie Ginther,Richie,Ginther,1011.4241402178948,33,12,21
166,104,Christian Fittipaldi,Christian,Fittipaldi,1011.3693451785332,12,7,5
167,812,Karun Chandhok,Karun,Chandhok,1011.3621975983707,5,3,2
168,136,Jan Lammers,Jan,Lammers,1011.3590195367037,4,2,2
169,88,Aguri Suzuki,Aguri,Suzuki,1010.5868813038262,16,7,9
170,211,Rupert Keegan,Rupert,Keegan,1010.3082436475589,8,3,5
171,140,Stefan Johansson,Stefan,Johansson,1009.8875159673681,19,5,14
172,219,Jean-Pierre Jabouille,Jean-Pierre,Jabouille,1009.1813936098845,4,2,2
173,643,Roberto Mieres,Roberto,Mieres,1008.305439671364,11,6,5
174,434,Hap Sharp,Hap,Sharp,1007.6479584123141,4,2,2
175,361,Piers Courage,Piers,Courage,1005.6300098327532,6,3,3
176,122,Ivan Capelli,Ivan,Capelli,1005.299612335615,8,4,4
177,686,Reg Parnell,Reg,Parnell,1005.0857435255626,3,1,2
178,859,Liam Lawson,Liam,Lawson,1004.7671590540008,22,9,13
179,54,Luciano Burti,Luciano,Burti,1003.5906540772108,6,2,4
180,129,Olivier Grouillard,Olivier,Grouillard,1003.5075928585652,2,1,1
181,46,Gianmaria Bruni,Gianmaria,Bruni,1003.4481437247997,5,3,2
182,78,Nicola Larini,Nicola,Larini,1003.4371563635812,12,7,5
183,33,Tiago Monteiro,Tiago,Monteiro,1002.682801090537,19,9,10
184,184,Mauro Baldi,Mauro,Baldi,1002.6243815654553,4,2,2
185,833,Roberto Merhi,Roberto,Merhi,1002.390942211795,10,5,5
186,120,Fabrizio Barbazza,Fabrizio,Barbazza,1001.8646781650083,2,1,1
187,101,David Brabham,David,Brabham,1001.6470633853868,2,1,1
188,357,John Miles,John,Miles,1001.3805666495625,5,2,3
189,28,Markus Winkelhock,Markus,Winkelhock,1000.0,0,0,0
190,72,Stéphane Sarrazin,Stéphane,Sarrazin,1000.0,0,0,0
191,80,Vincenzo Sospiri,Vincenzo,Sospiri,1000.0,0,0,0
192,85,Andrea Montermini,Andrea,Montermini,1000.0,0,0,0
193,98,Jean-Denis Délétraz,Jean-Denis,Délétraz,1000.0,0,0,0
194,107,Roland Ratzenberger,Roland,Ratzenberger,1000.0,0,0,0
195,115,Hideki Noda,Hideki,Noda,1000.0,0,0,0
196,124,Marco Apicella,Marco,Apicella,1000.0,0,0,0
197,128,Eric van de Poele,Eric,van de Poele,1000.0,0,0,0
198,130,Andrea Chiesa,Andrea,Chiesa,1000.0,0,0,0
199,132,Giovanna Amati,Giovanna,Amati,1000.0,0,0,0
200,134,Enrico Bertaggia,Enrico,Bertaggia,1000.0,0,0,0
201,135,Perry McCarthy,Perry,McCarthy,1000.0,0,0,0
202,142,Pedro Chaves,Pedro,Chaves,1000.0,0,0,0
203,143,Michael Bartels,Michael,Bartels,1000.0,0,0,0
204,144,Naoki Hattori,Naoki,Hattori,1000.0,0,0,0
205,148,Gregor Foitek,Gregor,Foitek,1000.0,0,0,0
206,149,Claudio Langes,Claudio,Langes,1000.0,0,0,0
207,150,Gary Brabham,Gary,Brabham,1000.0,0,0,0
208,161,Volker Weidler,Volker,Weidler,1000.0,0,0,0
209,162,Pierre-Henri Raphanel,Pierre-Henri,Raphanel,1000.0,0,0,0
210,164,Joachim Winkelhock,Joachim,Winkelhock,1000.0,0,0,0
211,165,Oscar Larrauri,Oscar,Larrauri,1000.0,0,0,0
212,169,Pascal Fabre,Pascal,Fabre,1000.0,0,0,0
213,171,Franco Forini,Franco,Forini,1000.0,0,0,0
214,179,Huub Rothengatter,Huub,Rothengatter,1000.0,0,0,0
215,180,Allen Berg,Allen,Berg,1000.0,0,0,0
216,186,Kenny Acheson,Kenny,Acheson,1000.0,0,0,0
217,189,Jo Gartner,Jo,Gartner,1000.0,0,0,0
218,191,Mike Thackwell,Mike,Thackwell,1000.0,0,0,0
219,198,Jacques Villeneuve Sr.,Jacques,Villeneuve Sr.,1000.0,0,0,0
220,204,Riccardo Paletti,Riccardo,Paletti,1000.0,0,0,0
221,210,Tommy Byrne,Tommy,Byrne,1000.0,0,0,0
222,213,Beppe Gabbiani,Beppe,Gabbiani,1000.0,0,0,0
223,214,Kevin Cogan,Kevin,Cogan,1000.0,0,0,0
224,215,Miguel Ángel Guerra,Miguel Ángel,Guerra,1000.0,0,0,0
225,218,Ricardo Londoño,Ricardo,Londoño,1000.0,0,0,0
226,220,Giorgio Francia,Giorgio,Francia,1000.0,0,0,0
227,225,Dave Kennedy,Dave,Kennedy,1000.0,0,0,0
228,226,Stephen South,Stephen,South,1000.0,0,0,0
229,227,Tiff Needell,Tiff,Needell,1000.0,0,0,0
230,228,Desiré Wilson,Desiré,Wilson,1000.0,0,0,0
231,234,Gianfranco Brancatelli,Gianfranco,Brancatelli,1000.0,0,0,0
232,236,Patrick Gaillard,Patrick,Gaillard,1000.0,0,0,0
233,240,Danny Ongais,Danny,Ongais,1000.0,0,0,0
234,241,Lamberto Leoni,Lamberto,Leoni,1000.0,0,0,0
235,242,Divina Galica,Divina,Galica,1000.0,0,0,0
236,244,Alberto Colombo,Alberto,Colombo,1000.0,0,0,0
237,245,Tony Trimmer,Tony,Trimmer,1000.0,0,0,0
238,247,Michael Bleekemolen,Michael,Bleekemolen,1000.0,0,0,0
239,248,Carlo Franchi,Carlo,Franchi,1000.0,0,0,0
240,254,Renzo Zorzi,Renzo,Zorzi,1000.0,0,0,0
241,257,Boy Lunger,Boy,Lunger,1000.0,0,0,0
242,260,Conny Andersson,Conny,Andersson,1000.0,0,0,0
243,261,Bernard de Dryver,Bernard,de Dryver,1000.0,0,0,0
244,263,Mikko Kozarowitzky,Mikko,Kozarowitzky,1000.0,0,0,0
245,264,Andy Sutcliffe,Andy,Sutcliffe,1000.0,0,0,0
246,266,Brian McGuire,Brian,McGuire,1000.0,0,0,0
247,268,Hans Heyer,Hans,Heyer,1000.0,0,0,0
248,271,Loris Kessel,Loris,Kessel,1000.0,0,0,0
249,273,Kazuyoshi Hoshino,Kazuyoshi,Hoshino,1000.0,0,0,0
250,276,Bob Evans,Bob,Evans,1000.0,0,0,0
251,279,Emilio Zapico,Emilio,Zapico,1000.0,0,0,0
252,281,Jac Nelleman,Jac,Nelleman,1000.0,0,0,0
253,282,Damien Magee,Damien,Magee,1000.0,0,0,0
254,283,Mike Wilds,Mike,Wilds,1000.0,0,0,0
255,285,Otto Stuppacher,Otto,Stuppacher,1000.0,0,0,0
256,286,Warwick Brown,Warwick,Brown,1000.0,0,0,0
257,287,Masahiro Hasemi,Masahiro,Hasemi,1000.0,0,0,0
258,295,Roelof Wunderink,Roelof,Wunderink,1000.0,0,0,0
259,297,Torsten Palm,Torsten,Palm,1000.0,0,0,0
260,299,Hiroshi Fushida,Hiroshi,Fushida,1000.0,0,0,0
261,300,John Nicholson,John,Nicholson,1000.0,0,0,0
262,301,Dave Morgan,Dave,Morgan,1000.0,0,0,0
263,302,Jim Crawford,Jim,Crawford,1000.0,0,0,0
264,303,Jo Vonlanthen,Jo,Vonlanthen,1000.0,0,0,0
265,310,Paddy Driver,Paddy,Driver,1000.0,0,0,0
266,311,Tom Belsø,Tom,Belsø,1000.0,0,0,0
267,315,Gérard Larrousse,Gérard,Larrousse,1000.0,0,0,0
268,316,Leo Kinnunen,Leo,Kinnunen,1000.0,0,0,0
269,318,Bertil Roos,Bertil,Roos,1000.0,0,0,0
270,319,José Dolhem,José,Dolhem,1000.0,0,0,0
271,321,Derek Bell,Derek,Bell,1000.0,0,0,0
272,323,Dieter Quester,Dieter,Quester,1000.0,0,0,0
273,324,Helmuth Koinigg,Helmuth,Koinigg,1000.0,0,0,0
274,325,Carlo Facetti,Carlo,Facetti,1000.0,0,0,0
275,326,Eppie Wietzes,Eppie,Wietzes,1000.0,0,0,0
276,331,Luiz Bueno,Luiz,Bueno,1000.0,0,0,0
277,334,Jackie Pretorius,Jackie,Pretorius,1000.0,0,0,0
278,335,Roger Williamson,Roger,Williamson,1000.0,0,0,0
279,336,Graham McRae,Graham,McRae,1000.0,0,0,0
280,339,Alex Soler-Roig,Alex,Soler-Roig,1000.0,0,0,0
281,343,Bill Brack,Bill,Brack,1000.0,0,0,0
282,344,Sam Posey,Sam,Posey,1000.0,0,0,0
283,348,François Mazet,François,Mazet,1000.0,0,0,0
284,349,Max Jean,Max,Jean,1000.0,0,0,0
285,354,Chris Craft,Chris,Craft,1000.0,0,0,0
286,365,Hubert Hahne,Hubert,Hahne,1000.0,0,0,0
287,366,Gus Hutchison,Gus,Hutchison,1000.0,0,0,0
288,367,Peter Westbury,Peter,Westbury,1000.0,0,0,0
289,368,Sam Tingle,Sam,Tingle,1000.0,0,0,0
290,369,Basil van Rooyen,Basil,van Rooyen,1000.0,0,0,0
291,371,Al Pease,Al,Pease,1000.0,0,0,0
292,372,John Cordts,John,Cordts,1000.0,0,0,0
293,377,Jo Schlesser,Jo,Schlesser,1000.0,0,0,0
294,378,Robin Widdows,Robin,Widdows,1000.0,0,0,0
295,381,Bobby Unser,Bobby,Unser,1000.0,0,0,0
296,384,Luki Botha,Luki,Botha,1000.0,0,0,0
297,391,Brian Hart,Brian,Hart,1000.0,0,0,0
298,392,Mike Fisher,Mike,Fisher,1000.0,0,0,0
299,393,Tom Jones,Tom,Jones,1000.0,0,0,0
300,395,Jonathan Williams,Jonathan,Williams,1000.0,0,0,0
301,398,Vic Wilson,Vic,Wilson,1000.0,0,0,0
302,400,Chris Lawrence,Chris,Lawrence,1000.0,0,0,0
303,402,Giacomo Russo,Giacomo,Russo,1000.0,0,0,0
304,409,Trevor Blokdyk,Trevor,Blokdyk,1000.0,0,0,0
305,411,Doug Serrurier,Doug,Serrurier,1000.0,0,0,0
306,412,Brausch Niemann,Brausch,Niemann,1000.0,0,0,0
307,414,Clive Puzey,Clive,Puzey,1000.0,0,0,0
308,415,Ray Reed,Ray,Reed,1000.0,0,0,0
309,416,David Clapham,David,Clapham,1000.0,0,0,0
310,417,Alex Blignaut,Alex,Blignaut,1000.0,0,0,0
311,419,John Rhodes,John,Rhodes,1000.0,0,0,0
312,421,Alan Rollinson,Alan,Rollinson,1000.0,0,0,0
313,422,Brian Gubby,Brian,Gubby,1000.0,0,0,0
314,424,Roberto Bussinello,Roberto,Bussinello,1000.0,0,0,0
315,426,Giorgio Bassi,Giorgio,Bassi,1000.0,0,0,0
316,432,Mário de Araújo Cabral,Mário de Araújo,Cabral,1000.0,0,0,0
317,433,Walt Hansgen,Walt,Hansgen,1000.0,0,0,0
318,438,Tony Settember,Tony,Settember,1000.0,0,0,0
319,442,Kurt Kuhnke,Kurt,Kuhnke,1000.0,0,0,0
320,443,Ernesto Brambilla,Ernesto,Brambilla,1000.0,0,0,0
321,444,Roberto Lippi,Roberto,Lippi,1000.0,0,0,0
322,445,Günther Seiffert,Günther,Seiffert,1000.0,0,0,0
323,446,Carlo Abate,Carlo,Abate,1000.0,0,0,0
324,447,Gaetano Starrabba,Gaetano,Starrabba,1000.0,0,0,0
325,448,Peter Broeker,Peter,Broeker,1000.0,0,0,0
326,449,Rodger Ward,Rodger,Ward,1000.0,0,0,0
327,450,Ernie de Vos,Ernie,de Vos,1000.0,0,0,0
328,451,Frank Dochnal,Frank,Dochnal,1000.0,0,0,0
329,452,Thomas Monarch,Thomas,Monarch,1000.0,0,0,0
330,457,Ben Pon,Ben,Pon,1000.0,0,0,0
331,458,Rob Slotemaker,Rob,Slotemaker,1000.0,0,0,0
332,461,Heinz Schiller,Heinz,Schiller,1000.0,0,0,0
333,464,Tony Shelly,Tony,Shelly,1000.0,0,0,0
334,465,Keith Greene,Keith,Greene,1000.0,0,0,0
335,467,Ernesto Prinoth,Ernesto,Prinoth,1000.0,0,0,0
336,470,Timmy Mayer,Timmy,Mayer,1000.0,0,0,0
337,472,Mike Harris,Mike,Harris,1000.0,0,0,0
338,473,Gary Hocking,Gary,Hocking,1000.0,0,0,0
339,474,Syd van der Vyver,Syd,van der Vyver,1000.0,0,0,0
340,485,Juan Manuel Bordeu,Juan Manuel,Bordeu,1000.0,0,0,0
341,487,Massimo Natili,Massimo,Natili,1000.0,0,0,0
342,488,Peter Monteverdi,Peter,Monteverdi,1000.0,0,0,0
343,490,Geoff Duke,Geoff,Duke,1000.0,0,0,0
344,491,Alfonso Thiele,Alfonso,Thiele,1000.0,0,0,0
345,492,Menato Boffa,Menato,Boffa,1000.0,0,0,0
346,494,Lloyd Ruby,Lloyd,Ruby,1000.0,0,0,0
347,495,Ken Miles,Ken,Miles,1000.0,0,0,0
348,503,Ettore Chimeri,Ettore,Chimeri,1000.0,0,0,0
349,504,Antonio Creus,Antonio,Creus,1000.0,0,0,0
350,507,Chuck Daigh,Chuck,Daigh,1000.0,0,0,0
351,508,Lance Reventlow,Lance,Reventlow,1000.0,0,0,0
352,509,Jim Rathmann,Jim,Rathmann,1000.0,0,0,0
353,510,Paul Goldsmith,Paul,Goldsmith,1000.0,0,0,0
354,511,Don Branson,Don,Branson,1000.0,0,0,0
355,512,Johnny Thomson,Johnny,Thomson,1000.0,0,0,0
356,513,Eddie Johnson,Eddie,Johnson,1000.0,0,0,0
357,514,Bob Veith,Bob,Veith,1000.0,0,0,0
358,515,Bud Tingelstad,Bud,Tingelstad,1000.0,0,0,0
359,516,Bob Christie,Bob,Christie,1000.0,0,0,0
360,517,Red Amick,Red,Amick,1000.0,0,0,0
361,518,Duane Carter,Duane,Carter,1000.0,0,0,0
362,519,Bill Homeier,Bill,Homeier,1000.0,0,0,0
363,520,Gene Hartley,Gene,Hartley,1000.0,0,0,0
364,521,Chuck Stevenson,Chuck,Stevenson,1000.0,0,0,0
365,522,Bobby Grim,Bobby,Grim,1000.0,0,0,0
366,523,Shorty Templeman,Shorty,Templeman,1000.0,0,0,0
367,524,Jim Hurtubise,Jim,Hurtubise,1000.0,0,0,0
368,525,Jimmy Bryan,Jimmy,Bryan,1000.0,0,0,0
369,527,Eddie Sachs,Eddie,Sachs,1000.0,0,0,0
370,528,Don Freeland,Don,Freeland,1000.0,0,0,0
371,529,Tony Bettenhausen,Tony,Bettenhausen,1000.0,0,0,0
372,530,Wayne Weiler,Wayne,Weiler,1000.0,0,0,0
373,531,Anthony Foyt,Anthony,Foyt,1000.0,0,0,0
374,532,Eddie Russo,Eddie,Russo,1000.0,0,0,0
375,533,Johnny Boyd,Johnny,Boyd,1000.0,0,0,0
376,534,Gene Force,Gene,Force,1000.0,0,0,0
377,535,Jim McWithey,Jim,McWithey,1000.0,0,0,0
378,536,Len Sutton,Len,Sutton,1000.0,0,0,0
379,537,Dick Rathmann,Dick,Rathmann,1000.0,0,0,0
380,538,Al Herman,Al,Herman,1000.0,0,0,0
381,539,Dempsey Wilson,Dempsey,Wilson,1000.0,0,0,0
382,540,Mike Taylor,Mike,Taylor,1000.0,0,0,0
383,543,Giulio Cabianca,Giulio,Cabianca,1000.0,0,0,0
384,545,Fred Gamble,Fred,Gamble,1000.0,0,0,0
385,546,Arthur Owen,Arthur,Owen,1000.0,0,0,0
386,548,Bob Drake,Bob,Drake,1000.0,0,0,0
387,550,Alain de Changy,Alain,de Changy,1000.0,0,0,0
388,552,Jean Lucienbonnet,Jean,Lucienbonnet,1000.0,0,0,0
389,553,André Testut,André,Testut,1000.0,0,0,0
390,555,Paul Russo,Paul,Russo,1000.0,0,0,0
391,556,Jimmy Daywalt,Jimmy,Daywalt,1000.0,0,0,0
392,557,Chuck Arnold,Chuck,Arnold,1000.0,0,0,0
393,558,Al Keller,Al,Keller,1000.0,0,0,0
394,559,Pat Flaherty,Pat,Flaherty,1000.0,0,0,0
395,560,Bill Cheesbourg,Bill,Cheesbourg,1000.0,0,0,0
396,561,Ray Crawford,Ray,Crawford,1000.0,0,0,0
397,562,Jack Turner,Jack,Turner,1000.0,0,0,0
398,563,Chuck Weyant,Chuck,Weyant,1000.0,0,0,0
399,564,Jud Larson,Jud,Larson,1000.0,0,0,0
400,565,Mike Magill,Mike,Magill,1000.0,0,0,0
401,568,Azdrubal Fontes,Azdrubal,Fontes,1000.0,0,0,0
402,570,Bill Moss,Bill,Moss,1000.0,0,0,0
403,571,Dennis Taylor,Dennis,Taylor,1000.0,0,0,0
404,572,Harry Blanchard,Harry,Blanchard,1000.0,0,0,0
405,573,Alessandro de Tomaso,Alessandro,de Tomaso,1000.0,0,0,0
406,574,George Constantine,George,Constantine,1000.0,0,0,0
407,575,Bob Said,Bob,Said,1000.0,0,0,0
408,576,Phil Cade,Phil,Cade,1000.0,0,0,0
409,582,Ken Kavanagh,Ken,Kavanagh,1000.0,0,0,0
410,584,Bruce Kessler,Bruce,Kessler,1000.0,0,0,0
411,585,Paul Emery,Paul,Emery,1000.0,0,0,0
412,587,Bernie Ecclestone,Bernie,Ecclestone,1000.0,0,0,0
413,588,Luigi Taramazzo,Luigi,Taramazzo,1000.0,0,0,0
414,591,George Amick,George,Amick,1000.0,0,0,0
415,592,Jimmy Reece,Jimmy,Reece,1000.0,0,0,0
416,593,Johnnie Parsons,Johnnie,Parsons,1000.0,0,0,0
417,594,Johnnie Tolan,Johnnie,Tolan,1000.0,0,0,0
418,595,Billy Garrett,Billy,Garrett,1000.0,0,0,0
419,596,Ed Elisian,Ed,Elisian,1000.0,0,0,0
420,597,Pat O'Connor,Pat,O'Connor,1000.0,0,0,0
421,598,Jerry Unser,Jerry,Unser,1000.0,0,0,0
422,599,Art Bisch,Art,Bisch,1000.0,0,0,0
423,600,Christian Goethals,Christian,Goethals,1000.0,0,0,0
424,601,Dick Gibson,Dick,Gibson,1000.0,0,0,0
425,604,François Picard,François,Picard,1000.0,0,0,0
426,605,Tom Bridger,Tom,Bridger,1000.0,0,0,0
427,610,Les Leston,Les,Leston,1000.0,0,0,0
428,611,Sam Hanks,Sam,Hanks,1000.0,0,0,0
429,612,Andy Linden,Andy,Linden,1000.0,0,0,0
430,613,Marshall Teague,Marshall,Teague,1000.0,0,0,0
431,614,Don Edmunds,Don,Edmunds,1000.0,0,0,0
432,615,Fred Agabashian,Fred,Agabashian,1000.0,0,0,0
433,616,Elmer George,Elmer,George,1000.0,0,0,0
434,617,Mike MacDowel,Mike,MacDowel,1000.0,0,0,0
435,618,Herbert MacKay-Fraser,Herbert,MacKay-Fraser,1000.0,0,0,0
436,621,Paul England,Paul,England,1000.0,0,0,0
437,628,Bob Sweikert,Bob,Sweikert,1000.0,0,0,0
438,629,Cliff Griffith,Cliff,Griffith,1000.0,0,0,0
439,630,Duke Dinsmore,Duke,Dinsmore,1000.0,0,0,0
440,631,Keith Andrews,Keith,Andrews,1000.0,0,0,0
441,634,Piero Scotti,Piero,Scotti,1000.0,0,0,0
442,635,Colin Chapman,Colin,Chapman,1000.0,0,0,0
443,636,Desmond Titterington,Desmond,Titterington,1000.0,0,0,0
444,637,Archie Scott Brown,Archie,Scott Brown,1000.0,0,0,0
445,639,André Milhoux,André,Milhoux,1000.0,0,0,0
446,645,Clemar Bucci,Clemar,Bucci,1000.0,0,0,0
447,646,Jesús Iglesias,Jesús,Iglesias,1000.0,0,0,0
448,649,Pablo Birger,Pablo,Birger,1000.0,0,0,0
449,652,Ted Whiteaway,Ted,Whiteaway,1000.0,0,0,0
450,653,Jimmy Davies,Jimmy,Davies,1000.0,0,0,0
451,654,Walt Faulkner,Walt,Faulkner,1000.0,0,0,0
452,655,Cal Niday,Cal,Niday,1000.0,0,0,0
453,656,Art Cross,Art,Cross,1000.0,0,0,0
454,657,Bill Vukovich,Bill,Vukovich,1000.0,0,0,0
455,658,Jack McGrath,Jack,McGrath,1000.0,0,0,0
456,659,Jerry Hoyt,Jerry,Hoyt,1000.0,0,0,0
457,662,Mike Sparken,Mike,Sparken,1000.0,0,0,0
458,666,Tony Rolt,Tony,Rolt,1000.0,0,0,0
459,668,Jean Lucas,Jean,Lucas,1000.0,0,0,0
460,671,Roger Loyer,Roger,Loyer,1000.0,0,0,0
461,673,Mike Nazaruk,Mike,Nazaruk,1000.0,0,0,0
462,674,Larry Crockett,Larry,Crockett,1000.0,0,0,0
463,675,Manny Ayulo,Manny,Ayulo,1000.0,0,0,0
464,676,Frank Armi,Frank,Armi,1000.0,0,0,0
465,677,Travis Webb,Travis,Webb,1000.0,0,0,0
466,678,Len Duncan,Len,Duncan,1000.0,0,0,0
467,679,Ernie McCoy,Ernie,McCoy,1000.0,0,0,0
468,681,Georges Berger,Georges,Berger,1000.0,0,0,0
469,684,Bill Whitehouse,Bill,Whitehouse,1000.0,0,0,0
470,685,John Riseley-Prichard,John,Riseley-Prichard,1000.0,0,0,0
471,691,Hermann Lang,Hermann,Lang,1000.0,0,0,0
472,694,Giovanni de Riu,Giovanni,de Riu,1000.0,0,0,0
473,698,Adolfo Cruz,Adolfo,Cruz,1000.0,0,0,0
474,699,Duke Nalon,Duke,Nalon,1000.0,0,0,0
475,700,Carl Scarborough,Carl,Scarborough,1000.0,0,0,0
476,701,Bill Holland,Bill,Holland,1000.0,0,0,0
477,702,Bob Scott,Bob,Scott,1000.0,0,0,0
478,703,Arthur Legat,Arthur,Legat,1000.0,0,0,0
479,705,Tony Crook,Tony,Crook,1000.0,0,0,0
480,706,Jimmy Stewart,Jimmy,Stewart,1000.0,0,0,0
481,707,Ian Stewart,Ian,Stewart,1000.0,0,0,0
482,711,Oswald Karch,Oswald,Karch,1000.0,0,0,0
483,712,Willi Heeks,Willi,Heeks,1000.0,0,0,0
484,713,Theo Fitzau,Theo,Fitzau,1000.0,0,0,0
485,714,Kurt Adolff,Kurt,Adolff,1000.0,0,0,0
486,715,Günther Bechem,Günther,Bechem,1000.0,0,0,0
487,716,Erwin Bauer,Erwin,Bauer,1000.0,0,0,0
488,717,Hans von Stuck,Hans,von Stuck,1000.0,0,0,0
489,718,Ernst Loof,Ernst,Loof,1000.0,0,0,0
490,719,Albert Scherrer,Albert,Scherrer,1000.0,0,0,0
491,722,Piero Carini,Piero,Carini,1000.0,0,0,0
492,725,George Abecassis,George,Abecassis,1000.0,0,0,0
493,726,George Connor,George,Connor,1000.0,0,0,0
494,727,Jim Rigsby,Jim,Rigsby,1000.0,0,0,0
495,728,Joe James,Joe,James,1000.0,0,0,0
496,729,Bill Schindler,Bill,Schindler,1000.0,0,0,0
497,730,George Fonder,George,Fonder,1000.0,0,0,0
498,731,Henry Banks,Henry,Banks,1000.0,0,0,0
499,732,Johnny McDowell,Johnny,McDowell,1000.0,0,0,0
500,733,Chet Miller,Chet,Miller,1000.0,0,0,0
501,734,Bobby Ball,Bobby,Ball,1000.0,0,0,0
502,739,Robin Montgomerie-Charrington,Robin,Montgomerie-Charrington,1000.0,0,0,0
503,745,Graham Whitehead,Graham,Whitehead,1000.0,0,0,0
504,747,David Murray,David,Murray,1000.0,0,0,0
505,749,Bill Aston,Bill,Aston,1000.0,0,0,0
506,750,Adolf Brudes,Adolf,Brudes,1000.0,0,0,0
507,752,Helmut Niedermayr,Helmut,Niedermayr,1000.0,0,0,0
508,754,Marcel Balsa,Marcel,Balsa,1000.0,0,0,0
509,755,Rudolf Schoeller,Rudolf,Schoeller,1000.0,0,0,0
510,756,Paul Pietsch,Paul,Pietsch,1000.0,0,0,0
511,757,Josef Peters,Josef,Peters,1000.0,0,0,0
512,758,Dries van der Lof,Dries,van der Lof,1000.0,0,0,0
513,759,Jan Flinterman,Jan,Flinterman,1000.0,0,0,0
514,760,Piero Dusio,Piero,Dusio,1000.0,0,0,0
515,761,Alberto Crespo,Alberto,Crespo,1000.0,0,0,0
516,762,Franco Rol,Franco,Rol,1000.0,0,0,0
517,765,Henri Louveau,Henri,Louveau,1000.0,0,0,0
518,766,Lee Wallard,Lee,Wallard,1000.0,0,0,0
519,767,Carl Forberg,Carl,Forberg,1000.0,0,0,0
520,768,Mauri Rose,Mauri,Rose,1000.0,0,0,0
521,769,Bill Mackey,Bill,Mackey,1000.0,0,0,0
522,770,Cecil Green,Cecil,Green,1000.0,0,0,0
523,771,Walt Brown,Walt,Brown,1000.0,0,0,0
524,772,Mack Hellings,Mack,Hellings,1000.0,0,0,0
525,775,Aldo Gordini,Aldo,Gordini,1000.0,0,0,0
526,776,Joe Kelly,Joe,Kelly,1000.0,0,0,0
527,777,Philip Fotheringham-Parker,Philip,Fotheringham-Parker,1000.0,0,0,0
528,779,John James,John,James,1000.0,0,0,0
529,781,Ken Richardson,Ken,Richardson,1000.0,0,0,0
530,782,Juan Jover,Juan,Jover,1000.0,0,0,0
531,783,Georges Grignard,Georges,Grignard,1000.0,0,0,0
532,785,Geoff Crossley,Geoff,Crossley,1000.0,0,0,0
533,789,Eugène Martin,Eugène,Martin,1000.0,0,0,0
534,790,Leslie Johnson,Leslie,Johnson,1000.0,0,0,0
535,791,Clemente Biondetti,Clemente,Biondetti,1000.0,0,0,0
536,792,Alfredo Pián,Alfredo,Pián,1000.0,0,0,0
537,794,Joie Chitwood,Joie,Chitwood,1000.0,0,0,0
538,795,Myron Fohr,Myron,Fohr,1000.0,0,0,0
539,796,Walt Ader,Walt,Ader,1000.0,0,0,0
540,797,Jackie Holmes,Jackie,Holmes,1000.0,0,0,0
541,798,Bayliss Levrett,Bayliss,Levrett,1000.0,0,0,0
542,799,Jimmy Jackson,Jimmy,Jackson,1000.0,0,0,0
543,801,Charles Pozzi,Charles,Pozzi,1000.0,0,0,0
544,802,Dorino Serafini,Dorino,Serafini,1000.0,0,0,0
545,803,Bill Cantrell,Bill,Cantrell,1000.0,0,0,0
546,804,Johnny Mantz,Johnny,Mantz,1000.0,0,0,0
547,805,Danny Kladis,Danny,Kladis,1000.0,0,0,0
548,827,André Lotterer,André,Lotterer,1000.0,0,0,0
549,851,Jack Aitken,Jack,Aitken,1000.0,0,0,0
550,864,Paul Aron,Paul,Aron,1000.0,0,0,0
551,865,Dino Beganovic,Dino,Beganovic,1000.0,0,0,0
552,867,Luke Browning,Luke,Browning,1000.0,0,0,0
553,868,Jak Crawford,Jak,Crawford,1000.0,0,0,0
554,869,Felipe Drugovich,Felipe,Drugovich,1000.0,0,0,0
555,870,Alexander Dunne,Alexander,Dunne,1000.0,0,0,0
556,871,Antonio Fuoco,Antonio,Fuoco,1000.0,0,0,0
557,873,Ryo Hirakawa,Ryo,Hirakawa,1000.0,0,0,0
558,874,Ayumu Iwasa,Ayumu,Iwasa,1000.0,0,0,0
559,875,Arthur Leclerc,Arthur,Leclerc,1000.0,0,0,0
560,877,Victor Martins,Victor,Martins,1000.0,0,0,0
561,878,Patricio O'Ward,Patricio,O'Ward,1000.0,0,0,0
562,879,Leonardo Fornaroli,Leonardo,Fornaroli,1000.0,0,0,0
563,880,Colton Herta,Colton,Herta,1000.0,0,0,0
564,821,Esteban Gutiérrez,Esteban,Gutiérrez,999.8058126552037,35,13,22
565,5,Heikki Kovalainen,Heikki,Kovalainen,999.7768106371028,71,36,35
566,376,Lucien Bianchi,Lucien,Bianchi,999.7497566943586,4,1,3
567,818,Jean-Éric Vergne,Jean-Éric,Vergne,999.3856817315026,36,17,19
568,454,Ricardo Rodríguez,Ricardo,Rodríguez,999.3214448918777,2,1,1
569,105,Michele Alboreto,Michele,Alboreto,998.4743166992848,57,32,25
570,506,Bruce Halford,Bruce,Halford,998.4210368544844,1,0,1
571,188,Johnny Cecotto,Johnny,Cecotto,998.344770653112,2,1,1
572,526,Troy Ruttman,Troy,Ruttman,998.2734387458767,1,0,1
573,12,Nelson Piquet Jr.,Nelson,Piquet Jr.,997.6423243855579,15,3,12
574,431,Edgar Barth,Edgar,Barth,997.3290613964803,2,1,1
575,720,Max de Terra,Max,de Terra,997.239961690648,1,0,1
576,606,Alfonso de Portago,Alfonso,de Portago,996.8520589389306,1,0,1
577,194,Eliseo Salazar,Eliseo,Salazar,996.7052131895839,2,1,1
578,460,Gerry Ashmore,Gerry,Ashmore,996.701472605953,1,0,1
579,740,Franco Comotti,Franco,Comotti,996.3380668704316,1,0,1
580,425,Nino Vaccarella,Nino,Vaccarella,996.3188572543677,1,0,1
581,466,Heini Walter,Heini,Walter,996.3188572543677,1,0,1
582,569,Peter Ashdown,Peter,Ashdown,996.1894352383691,1,0,1
583,609,André Simon,André,Simon,996.128278978517,2,0,2
584,146,Bernd Schneider,Bernd,Schneider,995.8907088641519,2,1,1
585,602,Robert La Caze,Robert,La Caze,995.8048330980815,1,0,1
586,603,André Guelfi,André,Guelfi,995.8048330980815,1,0,1
587,463,Jay Chamberlain,Jay,Chamberlain,995.8009320598079,1,0,1
588,689,Alan Brown,Alan,Brown,995.7842638577542,6,2,4
589,619,Bob Gerard,Bob,Gerard,995.6744002261594,4,2,2
590,469,Rob Schroeder,Rob,Schroeder,995.4600652655568,1,0,1
591,623,Alberto Uria,Alberto,Uria,995.3876863265058,1,0,1
592,806,Óscar González,Óscar,González,995.3876863265058,1,0,1
593,123,Thierry Boutsen,Thierry,Boutsen,995.1814780829294,51,30,21
594,291,Guy Tunmer,Guy,Tunmer,995.0859251211529,1,0,1
595,632,Paul Frère,Paul,Frère,994.9207841525088,6,3,3
596,780,Toni Branca,Toni,Branca,994.8689541306225,1,0,1
597,800,Nello Pagani,Nello,Pagani,994.8689541306225,1,0,1
598,822,Valtteri Bottas,Valtteri,Bottas,994.7293944450029,196,83,113
599,480,Michael May,Michael,May,994.6631278638145,1,0,1
600,672,Jorge Daponte,Jorge,Daponte,994.4435494254943,1,0,1
601,493,Peter Ryan,Peter,Ryan,994.4247265250913,1,0,1
602,586,Luigi Piotti,Luigi,Piotti,994.3107382537078,2,0,2
603,872,Isack Hadjar,Isack,Hadjar,994.1397072971207,14,7,7
604,855,Guanyu Zhou,Guanyu,Zhou,994.0004285814824,49,17,32
605,641,Piero Taruffi,Piero,Taruffi,993.9195715275555,13,4,9
606,332,George Follmer,George,Follmer,993.8513345697044,4,2,2
607,346,Jo Siffert,Jo,Siffert,993.606092200623,36,16,20
608,342,Skip Barber,Skip,Barber,993.5563273466823,1,0,1
609,355,John Cannon,John,Cannon,993.4673464900774,1,0,1
610,638,Ottorino Volonterio,Ottorino,Volonterio,993.2517895906095,2,0,2
611,774,Eugène Chaboud,Eugène,Chaboud,992.926479177197,1,0,1
612,748,Eitel Cantoni,Eitel,Cantoni,992.9138607952743,1,0,1
613,428,Bernard Collomb,Bernard,Collomb,992.8303952004055,1,0,1
614,542,David Piper,David,Piper,992.0,1,0,1
615,664,Kenneth McAlpine,Kenneth,McAlpine,992.0,1,0,1
616,738,Tony Gaze,Tony,Gaze,992.0,1,0,1
617,743,Eric Thompson,Eric,Thompson,992.0,1,0,1
618,744,Ken Downing,Ken,Downing,992.0,1,0,1
619,667,John Fitch,John,Fitch,991.7330472758753,1,0,1
620,68,Toranosuke Takagi,Toranosuke,Takagi,991.7081429428251,4,2,2
621,106,Olivier Beretta,Olivier,Beretta,991.6918683240428,3,1,2
622,139,Emanuele Pirro,Emanuele,Pirro,991.6785182654895,7,3,4
623,327,François Cevert,François,Cevert,991.224902623247,23,5,18
624,379,Kurt Ahrens,Kurt,Ahrens,991.097140914709,1,0,1
625,839,Esteban Ocon,Esteban,Ocon,990.599512702348,131,62,69
626,277,Michel Leclère,Michel,Leclère,990.3002586743328,3,1,2
627,735,Charles de Tornaco,Charles,de Tornaco,990.1261127910241,1,0,1
628,410,Neville Lederle,Neville,Lederle,989.250414986249,1,0,1
629,413,Ernie Pieterse,Ernie,Pieterse,989.250414986249,1,0,1
630,625,Élie Bayol,Élie,Bayol,988.8276146734439,1,0,1
631,551,Maria de Filippis,Maria,de Filippis,988.7702691368274,1,0,1
632,622,Chico Landi,Chico,Landi,988.3992046523379,2,0,2
633,736,Roger Laurent,Roger,Laurent,988.121864150251,2,0,2
634,489,Renato Pirocchi,Renato,Pirocchi,988.0,1,0,1
635,665,Leslie Marr,Leslie,Marr,988.0,1,0,1
636,683,Leslie Thorne,Leslie,Thorne,988.0,1,0,1
637,692,Theo Helfrich,Theo,Helfrich,988.0,1,0,1
638,724,Toni Ulmen,Toni,Ulmen,988.0,1,0,1
639,753,Hans Klenk,Hans,Klenk,988.0,1,0,1
640,788,Joe Fry,Joe,Fry,988.0,1,0,1
641,471,Bruce Johnstone,Bruce,Johnstone,987.8238870027312,1,0,1
642,567,Fritz d'Orey,Fritz,d'Orey,987.8229708339314,1,0,1
643,813,Pastor Maldonado,Pastor,Maldonado,987.3414743814892,53,26,27
644,61,Tomáš Enge,Tomáš,Enge,987.17385497992,1,0,1
645,420,Ian Raby,Ian,Raby,987.0737141034574,1,0,1
646,397,Peter Arundell,Peter,Arundell,987.0402403977691,1,0,1
647,644,Sergio Mantovani,Sergio,Mantovani,986.9529170699296,6,1,5
648,693,Fred Wacker,Fred,Wacker,986.8602076855112,1,0,1
649,746,Gino Bianco,Gino,Bianco,986.824180555846,1,0,1
650,38,Robert Doornbos,Robert,Doornbos,986.5889774745663,5,2,3
651,764,Guy Mairesse,Guy,Mairesse,986.4289299400524,2,0,2
652,468,Roger Penske,Roger,Penske,986.0210709270308,2,0,2
653,37,Pedro de la Rosa,Pedro,de la Rosa,985.8991495969475,30,11,19
654,374,Mike Spence,Mike,Spence,985.8116229723146,10,3,7
655,721,Peter Hirt,Peter,Hirt,984.9456063322824,2,0,2
656,353,Pete Lovely,Pete,Lovely,984.7995673276131,1,0,1
657,817,Daniel Ricciardo,Daniel,Ricciardo,984.5359615756133,178,87,91
658,156,Jonathan Palmer,Jonathan,Palmer,984.4994939024446,16,9,7
659,258,Patrick Nève,Patrick,Nève,984.3964800117343,3,1,2
660,835,Jolyon Palmer,Jolyon,Palmer,984.0082367937172,19,8,11
661,292,Eddie Keizan,Eddie,Keizan,983.9122971649895,2,0,2
662,436,John Campbell-Jones,John,Campbell-Jones,983.6324274736983,2,0,2
663,320,Peter Gethin,Peter,Gethin,983.2255113012312,11,5,6
664,763,Consalvo Sanesi,Consalvo,Sanesi,982.6166812959563,2,0,2
665,147,Paolo Barilla,Paolo,Barilla,982.6080481955786,1,0,1
666,187,John Watson,John,Watson,982.3241725705843,31,10,21
667,20,Sebastian Vettel,Sebastian,Vettel,982.1299535425336,215,138,77
668,126,Toshio Suzuki,Toshio,Suzuki,981.8565113454682,1,0,1
669,607,Cesare Perdisa,Cesare,Perdisa,981.6773567774574,3,0,3
670,168,Jean-Louis Schlesser,Jean-Louis,Schlesser,981.654913932746,1,0,1
671,249,Bobby Rahal,Bobby,Rahal,981.0321016864614,1,0,1
672,82,Norberto Fontana,Norberto,Fontana,980.5990437131014,1,0,1
673,116,Franck Lagorce,Franck,Lagorce,980.571768169555,1,0,1
674,566,Carroll Shelby,Carroll,Shelby,980.4221016513551,1,0,1
675,680,Jacques Swaters,Jacques,Swaters,980.3813132459578,3,0,3
676,695,Oscar Gálvez,Oscar,Gálvez,980.1460761912786,1,0,1
677,47,Zsolt Baumgartner,Zsolt,Baumgartner,980.1441863262819,6,2,4
678,113,Philippe Adams,Philippe,Adams,979.9085892046891,1,0,1
679,362,Peter de Klerk,Peter,de Klerk,979.6916563621287,1,0,1
680,121,Michael Andretti,Michael,Andretti,979.472737880996,4,0,4
681,216,Siegfried Stohr,Siegfried,Stohr,979.1914321068498,1,0,1
682,99,Gabriele Tarquini,Gabriele,Tarquini,979.0729713623657,1,0,1
683,810,Lucas di Grassi,Lucas,di Grassi,978.9084287734523,7,2,5
684,773,Pierre Levegh,Pierre,Levegh,978.901025797931,3,0,3
685,177,Keke Rosberg,Keke,Rosberg,978.2411493852586,30,15,15
686,541,Ron Flockhart,Ron,Flockhart,977.7616181159599,5,2,3
687,497,Alberto Rodriguez Larreta,Alberto Rodriguez,Larreta,977.654149255508,1,0,1
688,270,Ian Ashley,Ian,Ashley,977.4979265140679,1,0,1
689,583,Gerino Gerini,Gerino,Gerini,977.462901486498,4,0,4
690,274,Noritake Takahara,Noritake,Takahara,977.1933460560064,1,0,1
691,382,Moisés Solana,Moisés,Solana,976.868669479981,1,0,1
692,125,Emanuele Naspetti,Emanuele,Naspetti,976.700164617177,1,0,1
693,233,Hans-Joachim Stuck,Hans-Joachim,Stuck,976.5135077078962,10,5,5
694,192,Chico Serra,Chico,Serra,976.4662158294524,3,1,2
695,401,Trevor Taylor,Trevor,Taylor,976.2915331833883,9,2,7
696,737,Robert O'Brien,Robert,O'Brien,976.1369890283136,1,0,1
697,272,Kunimitsu Takahashi,Kunimitsu,Takahashi,976.0547034683716,1,0,1
698,167,Adrián Campos,Adrián,Campos,976.0,1,0,1
699,195,Roberto Guerrero,Roberto,Guerrero,976.0,1,0,1
700,269,Teddy Pilette,Teddy,Pilette,976.0,1,0,1
701,407,David Prophet,David,Prophet,976.0,1,0,1
702,439,Nasif Estéfano,Nasif,Estéfano,976.0,1,0,1
703,650,Jacques Pollet,Jacques,Pollet,976.0,1,0,1
704,690,Rodney Nuckey,Rodney,Nuckey,976.0,1,0,1
705,709,Ernst Klodwig,Ernst,Klodwig,976.0,1,0,1
706,787,Cuth Harrison,Cuth,Harrison,976.0,1,0,1
707,793,Raymond Sommer,Raymond,Sommer,976.0,1,0,1
708,399,John Taylor,John,Taylor,975.3105059259775,1,0,1
709,499,Roberto Bonomi,Roberto,Bonomi,975.236309614881,1,0,1
710,661,Peter Walker,Peter,Walker,975.171398827246,1,0,1
711,423,Gerhard Mitter,Gerhard,Mitter,975.1530333269291,1,0,1
712,93,Domenico Schiattarella,Domenico,Schiattarella,974.9843202064617,1,0,1
713,111,Jean-Marc Gounon,Jean-Marc,Gounon,974.3441678076198,1,0,1
714,390,Alan Rees,Alan,Rees,973.950027487238,1,0,1
715,580,Paco Godia,Paco,Godia,973.159756775351,7,0,7
716,829,Will Stevens,Will,Stevens,972.277881091832,14,6,8
717,486,Jack Fairman,Jack,Fairman,972.1278158491085,2,0,2
718,74,Esteban Tuero,Esteban,Tuero,972.0380610336657,1,0,1
719,350,Vic Elford,Vic,Elford,971.8550738988012,3,0,3
720,478,Hans Herrmann,Hans,Herrmann,971.3332234341383,10,3,7
721,479,Tony Brooks,Tony,Brooks,970.8718495572937,15,7,8
722,816,Jérôme d'Ambrosio,Jérôme,d'Ambrosio,970.1016358947564,12,4,8
723,75,Shinji Nakano,Shinji,Nakano,970.0773036297261,7,2,5
724,284,Alessandro Pesenti-Rossi,Alessandro,Pesenti-Rossi,969.5503910535236,2,0,2
725,208,Emilio de Villota,Emilio,de Villota,969.3098514714437,1,0,1
726,843,Brendon Hartley,Brendon,Hartley,969.0511524402235,12,5,7
727,19,Anthony Davidson,Anthony,Davidson,968.8581441765463,11,4,7
728,815,Sergio Pérez,Sergio,Pérez,968.6897406925976,209,76,133
729,14,David Coulthard,David,Coulthard,968.3189573469899,109,39,70
730,459,Tony Marsh,Tony,Marsh,968.1269183547137,3,0,3
731,160,Piercarlo Ghinzani,Piercarlo,Ghinzani,967.6172542558135,6,2,4
732,24,Vitantonio Liuzzi,Vitantonio,Liuzzi,967.4283683590513,37,19,18
733,590,Stuart Lewis-Evans,Stuart,Lewis-Evans,967.1315341903445,4,1,3
734,351,Silvio Moser,Silvio,Moser,966.502113267646,2,0,2
735,92,Bertrand Gachot,Bertrand,Gachot,965.395992239519,4,1,3
736,293,Dave Charlton,Dave,Charlton,965.3423822742392,2,0,2
737,36,Franck Montagny,Franck,Montagny,965.1694679440487,1,0,1
738,308,Richard Robarts,Richard,Robarts,965.0855872091443,2,0,2
739,429,André Pilette,André,Pilette,964.8249065556607,4,0,4
740,108,Paul Belmondo,Paul,Belmondo,964.0478724697979,4,1,3
741,181,Manfred Winkelhock,Manfred,Winkelhock,963.879851741006,4,1,3
742,383,Bob Anderson,Bob,Anderson,963.4058063179244,8,2,6
743,687,Peter Whitehead,Peter,Whitehead,963.3429120245049,3,0,3
744,34,Yuji Ide,Yuji,Ide,963.2466186290332,1,0,1
745,173,Elio de Angelis,Elio,de Angelis,963.1882053541877,22,11,11
746,876,Arvid Lindblad,Arvid,Lindblad,962.5498244150772,4,1,3
747,256,Larry Perkins,Larry,Perkins,962.4998972933458,2,0,2
748,723,Rudi Fischer,Rudi,Fischer,962.3140026933008,6,0,6
749,387,Mike Parkes,Mike,Parkes,962.2078640064939,2,0,2
750,704,Yves Cabantous,Yves,Cabantous,962.0970725925405,8,3,5
751,440,Jim Hall,Jim,Hall,962.0742458510207,5,1,4
752,620,Umberto Maglioli,Umberto,Maglioli,961.7143578576606,5,0,5
753,83,Pedro Lamy,Pedro,Lamy,961.6851923585449,8,3,5
754,547,Horace Gould,Horace,Gould,961.6774110597394,5,0,5
755,314,Tim Schenken,Tim,Schenken,961.4538805010341,7,2,5
756,352,George Eaton,George,Eaton,961.4076672663244,3,0,3
757,850,Pietro Fittipaldi,Pietro,Fittipaldi,960.9025377575027,2,0,2
758,109,Jyrki Järvilehto,Jyrki,Järvilehto,960.412796931251,14,5,9
759,845,Sergey Sirotkin,Sergey,Sirotkin,959.3769426678698,16,7,9
760,17,Mark Webber,Mark,Webber,959.3689635450247,116,52,64
761,340,John Love,John,Love,958.9259307847074,4,0,4
762,11,Takuma Sato,Takuma,Sato,958.5154575445881,40,13,27
763,71,Damon Hill,Damon,Hill,958.2902031439901,43,22,21
764,359,Johnny Servoz-Gavin,Johnny,Servoz-Gavin,958.034141458639,3,0,3
765,317,Reine Wisell,Reine,Wisell,957.8663928132494,5,1,4
766,455,Wolfgang Seidel,Wolfgang,Seidel,957.7023305787669,3,0,3
767,118,Derek Warwick,Derek,Warwick,957.6371706769436,31,17,14
768,174,Johnny Dumfries,Johnny,Dumfries,957.4612831783782,3,0,3
769,154,Romain Grosjean,Romain,Grosjean,957.4395882170345,103,45,58
770,697,Felice Bonetto,Felice,Bonetto,956.9018585737781,6,0,6
771,141,Julian Bailey,Julian,Bailey,956.8755239936714,2,0,2
772,222,Jody Scheckter,Jody,Scheckter,956.3955073210933,44,23,21
773,396,Bob Bondurant,Bob,Bondurant,956.2428702256989,3,0,3
774,826,Daniil Kvyat,Daniil,Kvyat,955.511159623263,73,31,42
775,163,René Arnoux,René,Arnoux,955.1284976463048,32,12,20
776,232,Arturo Merzario,Arturo,Merzario,954.6595979443895,6,1,5
777,549,Ivor Bueb,Ivor,Bueb,953.655229346888,2,0,2
778,862,Jack Doohan,Jack,Doohan,953.2560308839503,3,0,3
779,40,Patrick Friesacher,Patrick,Friesacher,952.8391594480807,4,1,3
780,217,Ricardo Zunino,Ricardo,Zunino,952.8119740941504,2,0,2
781,741,Philippe Étancelin,Philippe,Étancelin,952.5407778218123,4,0,4
782,21,Giancarlo Fisichella,Giancarlo,Fisichella,951.5625408888129,111,52,59
783,112,Philippe Alliot,Philippe,Alliot,950.51154840964,23,8,15
784,408,Tony Maggs,Tony,Maggs,949.5762135963522,14,2,12
785,58,Tarso Marques,Tarso,Marques,949.5168370168309,4,1,3
786,44,Olivier Panis,Olivier,Panis,949.4084168202912,53,26,27
787,89,Taki Inoue,Taki,Inoue,949.1022868872944,2,0,2
788,67,Sébastien Buemi,Sébastien,Buemi,948.2837923086796,28,15,13
789,267,Vern Schuppan,Vern,Schuppan,947.7449230487861,3,0,3
790,45,Giorgio Pantano,Giorgio,Pantano,947.620549423396,3,0,3
791,688,Eric Brandon,Eric,Brandon,947.6146619866411,4,0,4
792,158,Eddie Cheever,Eddie,Cheever,947.0777944621404,27,11,16
793,481,Henry Taylor,Henry,Taylor,946.6523316939564,7,0,7
794,648,Karl Kling,Karl,Kling,946.5899946293396,6,0,6
795,87,Mark Blundell,Mark,Blundell,945.9937903456943,14,5,9
796,856,Nyck de Vries,Nyck,de Vries,945.9187762593526,9,3,6
797,453,Jackie Lewis,Jackie,Lewis,945.2206465022584,5,0,5
798,229,Harald Ertl,Harald,Ertl,945.0775783624616,3,0,3
799,296,François Migault,François,Migault,944.4316350086327,4,0,4
800,42,Antônio Pizzonia,Antônio,Pizzonia,942.2847878795534,8,1,7
801,811,Bruno Senna,Bruno,Senna,941.3482001131385,26,13,13
802,375,Ludovico Scarfiotti,Ludovico,Scarfiotti,939.7096763229367,6,1,5
803,651,Lance Macklin,Lance,Macklin,938.7551193801697,4,0,4
804,176,Marc Surer,Marc,Surer,938.5802747124746,19,7,12
805,223,Clay Regazzoni,Clay,Regazzoni,937.7326351679164,53,17,36
806,53,Nicolas Kiesa,Nicolas,Kiesa,935.749435266937,3,0,3
807,73,Ricardo Rosset,Ricardo,Rosset,934.961077084189,3,0,3
808,330,Nanni Galli,Nanni,Galli,934.7574291271297,4,0,4
809,196,Raul Boesel,Raul,Boesel,933.5027887999919,3,0,3
810,35,Jacques Villeneuve,Jacques,Villeneuve,932.1736763038406,69,33,36
811,69,Luca Badoer,Luca,Badoer,932.0672685415656,15,5,10
812,501,Harry Schell,Harry,Schell,931.0842910720085,26,6,20
813,157,Christian Danner,Christian,Danner,930.7474937109536,4,0,4
814,275,Lella Lombardi,Lella,Lombardi,930.2481606567325,3,0,3
815,405,Ronnie Bucknum,Ronnie,Bucknum,929.8602564397124,3,0,3
816,90,Roberto Moreno,Roberto,Moreno,929.5371402879116,8,1,7
817,201,Slim Borgudd,Slim,Borgudd,929.4247290342938,3,0,3
818,255,Gunnar Nilsson,Gunnar,Nilsson,929.3083620348614,7,2,5
819,640,Toulo de Graffenried,Toulo,de Graffenried,928.8672636478723,9,0,9
820,183,François Hesnault,François,Hesnault,928.828230724383,3,0,3
821,79,Ukyo Katayama,Ukyo,Katayama,928.75656577705,13,4,9
822,9,Robert Kubica,Robert,Kubica,927.8129933762966,73,35,38
823,347,Jo Bonnier,Jo,Bonnier,927.7733367598115,36,11,25
824,205,Brian Henton,Brian,Henton,927.1562086670249,4,0,4
825,322,David Hobbs,David,Hobbs,926.9301681221988,4,0,4
826,159,Luis Pérez-Sala,Luis,Pérez-Sala,925.8050746904107,6,1,5
827,418,Masten Gregory,Masten,Gregory,925.670113829429,18,3,15
828,338,David Walker,David,Walker,925.3906655461968,4,0,4
829,482,Olivier Gendebien,Olivier,Gendebien,923.297124791618,10,0,10
830,151,Martin Donnelly,Martin,Donnelly,922.3755032939428,6,1,5
831,370,Richard Attwood,Richard,Attwood,921.8324630776717,7,1,6
832,831,Felipe Nasr,Felipe,Nasr,920.9868821508218,26,12,14
833,437,Ian Burgess,Ian,Burgess,920.5637592016826,8,0,8
834,853,Nikita Mazepin,Nikita,Mazepin,918.7888801536529,14,3,11
835,786,Luigi Fagioli,Luigi,Fagioli,918.7664068293627,5,0,5
836,660,Johnny Claes,Johnny,Claes,917.9960618432419,9,0,9
837,166,Philippe Streiff,Philippe,Streiff,916.4849249198768,14,4,10
838,76,Jan Magnussen,Jan,Magnussen,915.9649740039285,4,0,4
839,329,Mike Beuttler,Mike,Beuttler,915.822066621681,8,1,7
840,389,Guy Ligier,Guy,Ligier,915.1364427773515,6,0,6
841,239,Brett Lunger,Brett,Lunger,912.5777232682274,17,5,12
842,96,Jean-Christophe Boullion,Jean-Christophe,Boullion,912.2396876600947,6,0,6
843,265,Guy Edwards,Guy,Edwards,911.7763916415051,4,0,4
844,828,Marcus Ericsson,Marcus,Ericsson,911.5006753792784,55,23,32
845,25,Alexander Wurz,Alexander,Wurz,910.5260148336151,30,11,19
846,64,Pedro Diniz,Pedro,Diniz,909.2170044893924,21,6,15
847,41,Ricardo Zonta,Ricardo,Zonta,907.2760687818447,8,0,8
848,337,Helmut Marko,Helmut,Marko,906.1993975620805,6,0,6
849,825,Kevin Magnussen,Kevin,Magnussen,905.1472066465047,126,52,74
850,62,Alex Yoong,Alex,Yoong,905.1363549992183,5,0,5
851,6,Kazuki Nakajima,Kazuki,Nakajima,902.9251923071091,27,7,20
852,385,Lorenzo Bandini,Lorenzo,Bandini,902.6471079399803,15,4,11
853,32,Christian Klien,Christian,Klien,900.8634050828715,26,6,20
854,60,Gastón Mazzacane,Gastón,Mazzacane,898.5164153458869,6,0,6
855,103,Éric Bernard,Éric,Bernard,897.5976097933717,13,3,10
856,427,Maurice Trintignant,Maurice,Trintignant,894.967071475167,39,13,26
857,152,Bruno Giacomelli,Bruno,Giacomelli,892.5689447946056,14,3,11
858,430,Carel Godin de Beaufort,Carel Godin,de Beaufort,890.0920891442992,13,1,12
859,15,Jarno Trulli,Jarno,Trulli,888.598976721414,114,59,55
860,206,Derek Daly,Derek,Daly,886.2785767523093,12,4,8
861,172,Jacques Laffite,Jacques,Laffite,880.1485710919566,29,10,19
862,633,Luigi Villoresi,Luigi,Villoresi,879.5478192251145,16,0,16
863,212,Hector Rebaque,Hector,Rebaque,877.7426042461663,12,1,11
864,837,Rio Haryanto,Rio,Haryanto,874.3404605590415,8,0,8
865,197,Jean-Pierre Jarier,Jean-Pierre,Jarier,872.9494694408495,22,6,16
866,16,Adrian Sutil,Adrian,Sutil,871.1379176473007,64,33,31
867,81,Gianni Morbidelli,Gianni,Morbidelli,870.7798778388737,15,3,12
868,119,Riccardo Patrese,Riccardo,Patrese,867.1223740022716,62,22,40
869,394,Giancarlo Baghetti,Giancarlo,Baghetti,861.7132716072385,10,1,9
870,820,Max Chilton,Max,Chilton,857.7539013003998,26,4,22
871,70,Alessandro Zanardi,Alessandro,Zanardi,852.2908341077509,10,1,9
872,7,Sébastien Bourdais,Sébastien,Bourdais,844.2400242761686,14,1,13
873,243,Rolf Stommelen,Rolf,Stommelen,841.8311014248143,27,8,19
874,29,Sakon Yamamoto,Sakon,Yamamoto,831.6724650251158,9,0,9
875,138,Satoru Nakajima,Satoru,Nakajima,815.5961606827073,22,1,21
876,858,Logan Sargeant,Logan,Sargeant,809.1252080071768,23,0,23
877,280,Henri Pescarolo,Henri,Pescarolo,795.7568008501289,19,1,18
878,39,Narain Karthikeyan,Narain,Karthikeyan,779.1470603749516,29,9,20
879,849,Nicholas Latifi,Nicholas,Latifi,766.8048600610811,37,4,33
