rank,driverId,driverName,forename,surname,peakElo,peakRaceId,peakDate,peakYear,peakRound,peakRaceName,currentElo,matchups
1,4,Fernando Alonso,Fernando,Alonso,1527.958711503352,937,2015-08-23,2015,11,Belgian Grand Prix,1248.763886782156,277
2,830,Max Verstappen,Max,Verstappen,1526.1673193749755,1179,2026-07-26,2026,11,Hungarian Grand Prix,1526.1673193749755,164
3,102,Ayrton Senna,Ayrton,Senna,1407.6124789698538,316,1991-09-08,1991,12,Italian Grand Prix,1379.8239658643497,62
4,847,George Russell,George,Russell,1375.2975100869667,1163,2025-10-19,2025,19,United States Grand Prix,1164.9951721084044,123
5,30,Michael Schumacher,Michael,Schumacher,1372.4168443227766,154,2001-09-02,2001,14,Belgian Grand Prix,1240.3991656302153,177
6,1,Lewis Hamilton,Lewis,Hamilton,1371.9906574217835,1119,2023-11-19,2023,21,Las Vegas Grand Prix,1133.1934081482286,312
7,18,Jenson Button,Jenson,Button,1371.5412638103323,961,2016-09-04,2016,14,Italian Grand Prix,1311.0227098044631,176
8,20,Sebastian Vettel,Sebastian,Vettel,1354.4537391796525,899,2013-11-24,2013,19,Brazilian Grand Prix,982.1299535425336,215
9,844,Charles Leclerc,Charles,Leclerc,1345.0812607821263,1169,2026-03-08,2026,1,Australian Grand Prix,1273.8006978684773,139
10,579,Juan Fangio,Juan,Fangio,1316.5414055874737,770,1958-07-06,1958,6,French Grand Prix,1316.5414055874737,78
11,3,Nico Rosberg,Nico,Rosberg,1313.996029268257,354,2010-11-07,2010,18,Brazilian Grand Prix,1148.6713000184716,142
12,848,Alexander Albon,Alexander,Albon,1298.6054295777135,1160,2025-09-07,2025,16,Italian Grand Prix,1197.735958527522,81
13,182,Niki Lauda,Niki,Lauda,1290.8463874784832,442,1984-06-17,1984,7,Canadian Grand Prix,1172.288098436767,64
14,95,Nigel Mansell,Nigel,Mansell,1288.2600754085092,300,1992-08-30,1992,12,Belgian Grand Prix,1219.458217706848,58
15,117,Alain Prost,Alain,Prost,1281.527083884833,397,1987-08-16,1987,10,Austrian Grand Prix,1160.0487881081885,74
16,373,Jim Clark,Jim,Clark,1280.958300607762,667,1968-01-01,1968,1,South African Grand Prix,1280.958300607762,46
17,817,Daniel Ricciardo,Daniel,Ricciardo,1279.171151436343,918,2014-11-23,2014,19,Abu Dhabi Grand Prix,984.5359615756133,178
18,839,Esteban Ocon,Esteban,Ocon,1260.802676406025,1079,2022-05-22,2022,6,Spanish Grand Prix,990.599512702348,131
19,238,Ronnie Peterson,Ronnie,Peterson,1256.8207564657164,554,1977-08-14,1977,12,Austrian Grand Prix,1102.710684286647,56
20,8,Kimi Räikkönen,Kimi,Räikkönen,1249.8662150224625,880,2013-03-17,2013,1,Australian Grand Prix,1093.3020211640965,224
21,846,Lando Norris,Lando,Norris,1249.5855528191094,1127,2024-05-19,2024,7,Emilia Romagna Grand Prix,1116.359535477977,131
22,137,Nelson Piquet,Nelson,Piquet,1244.5511894139313,432,1985-09-15,1985,13,Belgian Grand Prix,1134.444763980033,60
23,13,Felipe Massa,Felipe,Massa,1237.6552885414267,343,2010-05-30,2010,7,Turkish Grand Prix,1016.5339077719339,194
24,360,Bruce McLaren,Bruce,McLaren,1237.0300790485328,706,1965-09-12,1965,8,Italian Grand Prix,1196.6780130866664,62
25,17,Mark Webber,Mark,Webber,1236.2060502032316,81,2005-07-10,2005,11,British Grand Prix,959.3689635450247,116
26,49,Heinz-Harald Frentzen,Heinz-Harald,Frentzen,1230.9109949040505,142,2001-03-18,2001,2,Malaysian Grand Prix,1104.4588102045275,54
27,328,Jackie Stewart,Jackie,Stewart,1227.3669002603733,641,1971-09-19,1971,10,Canadian Grand Prix,1171.0043403818631,48
28,224,Emerson Fittipaldi,Emerson,Fittipaldi,1224.1841195203538,580,1975-05-11,1975,5,Monaco Grand Prix,1125.6484411133522,39
29,358,Jochen Rindt,Jochen,Rindt,1224.1734214422468,650,1970-08-02,1970,8,German Grand Prix,1224.1734214422468,23
30,63,Mika Salo,Mika,Salo,1223.9024647560016,198,1998-06-28,1998,8,French Grand Prix,1153.186859875526,32
31,647,Alberto Ascari,Alberto,Ascari,1221.080247298389,815,1953-08-23,1953,8,Swiss Grand Prix,1221.080247298389,52
32,364,Dan Gurney,Dan,Gurney,1220.261330239304,677,1968-10-06,1968,11,United States Grand Prix,1187.3889562864572,39
33,207,Mario Andretti,Mario,Andretti,1219.736626104577,539,1978-08-27,1978,13,Dutch Grand Prix,1076.0159877688218,35
34,15,Jarno Trulli,Jarno,Trulli,1219.658935320978,156,2001-09-30,2001,16,United States Grand Prix,888.598976721414,114
35,356,Jack Brabham,Jack,Brabham,1213.743490276574,698,1966-10-23,1966,9,Mexican Grand Prix,1082.2757332324402,73
36,231,James Hunt,James,Hunt,1213.7316350342178,527,1978-01-15,1978,1,Argentine Grand Prix,1128.2431552629303,26
37,57,Mika Häkkinen,Mika,Häkkinen,1209.7764286520692,180,1999-06-13,1999,6,Canadian Grand Prix,1031.4224492740623,61
38,235,Jacky Ickx,Jacky,Ickx,1208.3875022033424,591,1974-01-27,1974,2,Brazilian Grand Prix,1078.9234792736302,49
39,807,Nico Hülkenberg,Nico,Hülkenberg,1207.064213312987,995,2018-06-10,2018,7,Canadian Grand Prix,1042.838362287976,169
40,35,Jacques Villeneuve,Jacques,Villeneuve,1206.2954047933956,157,2001-10-14,2001,17,Japanese Grand Prix,932.1736763038406,69
41,21,Giancarlo Fisichella,Giancarlo,Fisichella,1198.4107808324313,101,2004-07-25,2004,12,German Grand Prix,951.5625408888129,111
42,2,Nick Heidfeld,Nick,Heidfeld,1194.4339157424486,55,2006-04-02,2006,3,Australian Grand Prix,1061.1037409872629,96
43,31,Juan Pablo Montoya,Juan,Pablo Montoya,1194.0011534404357,87,2005-09-25,2005,17,Brazilian Grand Prix,1163.3847158614499,46
44,9,Robert Kubica,Robert,Kubica,1189.7114379330797,355,2010-11-14,2010,19,Abu Dhabi Grand Prix,927.8129933762966,73
45,842,Pierre Gasly,Pierre,Gasly,1188.1247528289334,1174,2026-06-07,2026,6,Monaco Grand Prix,1117.8889621429405,112
46,341,John Surtees,John,Surtees,1186.5938517754576,698,1966-10-23,1966,9,Mexican Grand Prix,1158.3006343922762,26
47,10,Timo Glock,Timo,Glock,1185.1682988414168,868,2012-07-08,2012,9,British Grand Prix,1089.9310280886632,57
48,475,Stirling Moss,Stirling,Moss,1182.078061918747,743,1961-08-06,1961,6,German Grand Prix,1182.078061918747,48
49,832,Carlos Sainz,Carlos,Sainz,1181.1792403527813,1087,2022-08-28,2022,14,Belgian Grand Prix,1142.284928668855,149
50,77,Gerhard Berger,Gerhard,Berger,1180.2568552729333,218,1997-08-24,1997,12,Belgian Grand Prix,1126.749887054106,64
51,815,Sergio Pérez,Sergio,Pérez,1176.548417649069,973,2017-05-14,2017,5,Spanish Grand Prix,968.6897406925976,209
52,123,Thierry Boutsen,Thierry,Boutsen,1175.8573339272723,308,1991-05-12,1991,4,Monaco Grand Prix,995.1814780829294,51
53,199,Carlos Reutemann,Carlos,Reutemann,1174.7519263251206,563,1976-05-02,1976,4,Spanish Grand Prix,1035.1868080334893,64
54,71,Damon Hill,Damon,Hill,1167.6324570571135,249,1995-08-13,1995,10,Hungarian Grand Prix,958.2902031439901,43
55,55,Jean Alesi,Jean,Alesi,1167.4041647751712,148,2001-06-10,2001,8,Canadian Grand Prix,1111.6574902571679,52
56,203,Gilles Villeneuve,Gilles,Villeneuve,1165.9375130361393,489,1981-06-21,1981,7,Spanish Grand Prix,1130.3527724478522,28
57,105,Michele Alboreto,Michele,Alboreto,1164.002080373728,391,1987-05-31,1987,4,Monaco Grand Prix,998.4743166992848,57
58,863,Andrea Kimi Antonelli,Andrea Kimi,Antonelli,1162.8077909152732,1174,2026-06-07,2026,6,Monaco Grand Prix,1145.4764803098278,26
59,94,Pierluigi Martini,Pierluigi,Martini,1157.978758861208,295,1992-06-14,1992,7,Canadian Grand Prix,1117.6089088250192,22
60,289,Graham Hill,Graham,Hill,1157.8426167168216,658,1969-05-18,1969,3,Monaco Grand Prix,1069.2466534571963,78
61,627,Louis Rosier,Louis,Rosier,1156.5961222121575,832,1951-10-28,1951,8,Spanish Grand Prix,1094.3906712857045,34
62,178,Alan Jones,Alan,Jones,1155.8223737426442,483,1981-03-15,1981,1,United States Grand Prix West,1105.1837641752375,41
63,836,Pascal Wehrlein,Pascal,Wehrlein,1155.1752428782186,963,2016-10-02,2016,16,Malaysian Grand Prix,1099.7367851690135,24
64,822,Valtteri Bottas,Valtteri,Bottas,1154.1243585874004,991,2018-04-15,2018,3,Chinese Grand Prix,994.7293944450029,196
65,860,Oliver Bearman,Oliver,Bearman,1153.7935574817923,1165,2025-11-09,2025,21,São Paulo Grand Prix,1123.0573449079327,19
66,854,Mick Schumacher,Mick,Schumacher,1152.055482644875,1089,2022-09-11,2022,16,Italian Grand Prix,1114.0801419787917,29
67,304,Denny Hulme,Denny,Hulme,1150.9440415824429,656,1969-03-01,1969,1,South African Grand Prix,1028.7690994023492,59
68,100,Érik Comas,Érik,Comas,1150.5924332098011,298,1992-07-26,1992,10,German Grand Prix,1112.9789254129382,16
69,145,Alessandro Nannini,Alessandro,Nannini,1145.9484166655852,331,1990-08-26,1990,11,Belgian Grand Prix,1093.3683684506234,20
70,23,Ralf Schumacher,Ralf,Schumacher,1144.1056836252624,54,2006-03-19,2006,2,Malaysian Grand Prix,1065.0919335817082,78
71,824,Jules Bianchi,Jules,Bianchi,1143.194320148171,892,2013-09-08,2013,12,Italian Grand Prix,1142.2460986996005,26
72,56,Eddie Irvine,Eddie,Irvine,1141.114526563219,130,2002-05-26,2002,7,Monaco Grand Prix,1141.114526563219,56
73,22,Rubens Barrichello,Rubens,Barrichello,1141.0272920578425,185,1999-08-15,1999,11,Hungarian Grand Prix,1027.7176753308743,167
74,44,Olivier Panis,Olivier,Panis,1139.9757731259901,223,1997-10-26,1997,17,European Grand Prix,949.4084168202912,53
75,14,David Coulthard,David,Coulthard,1139.4085768756904,131,2002-06-09,2002,8,Canadian Grand Prix,968.3189573469899,109
76,155,Kamui Kobayashi,Kamui,Kobayashi,1137.1822794605334,862,2012-04-15,2012,3,Chinese Grand Prix,1050.92925987122,39
77,819,Charles Pic,Charles,Pic,1136.5576944383874,888,2013-07-07,2013,9,German Grand Prix,1031.1733311662626,25
78,826,Daniil Kvyat,Daniil,Kvyat,1133.7599885267525,944,2015-11-15,2015,18,Brazilian Grand Prix,955.511159623263,73
79,5,Heikki Kovalainen,Heikki,Kovalainen,1132.141293290483,20,2008-04-06,2008,3,Bahrain Grand Prix,999.7768106371028,71
80,175,Patrick Tambay,Patrick,Tambay,1130.848182653019,519,1979-07-01,1979,8,French Grand Prix,1058.0188283880004,29
81,345,Pedro Rodríguez,Pedro,Rodríguez,1125.9108509258383,635,1971-06-20,1971,4,Dutch Grand Prix,1125.9108509258383,17
82,252,Tom Pryce,Tom,Pryce,1124.443937478648,573,1976-10-03,1976,14,Canadian Grand Prix,1124.443937478648,10
83,154,Romain Grosjean,Romain,Grosjean,1122.6578067666162,944,2015-11-15,2015,18,Brazilian Grand Prix,957.4395882170345,103
84,857,Oscar Piastri,Oscar,Piastri,1122.1354243500723,1150,2025-05-04,2025,6,Miami Grand Prix,1090.159109554625,68
85,278,Chris Amon,Chris,Amon,1120.5225812430194,636,1971-07-04,1971,5,French Grand Prix,1068.434192293809,22
86,840,Lance Stroll,Lance,Stroll,1116.8629649336322,1133,2024-07-21,2024,13,Hungarian Grand Prix,1036.4285615355673,130
87,250,Carlos Pace,Carlos,Pace,1115.6790561578568,580,1975-05-11,1975,5,Monaco Grand Prix,1081.2461699325238,26
88,110,Andrea de Cesaris,Andrea,de Cesaris,1115.6752586436473,295,1992-06-14,1992,7,Canadian Grand Prix,1051.4952236907088,27
89,577,Luigi Musso,Luigi,Musso,1115.2946815611076,766,1958-05-18,1958,2,Monaco Grand Prix,1083.5227684840665,21
90,177,Keke Rosberg,Keke,Rosberg,1115.2132843109507,444,1984-07-08,1984,9,Dallas Grand Prix,978.2411493852586,30
91,841,Antonio Giovinazzi,Antonio,Giovinazzi,1115.2052849109932,1069,2021-10-24,2021,17,United States Grand Prix,1070.2720948792594,50
92,65,Johnny Herbert,Johnny,Herbert,1113.6310668511146,195,1998-05-10,1998,5,Spanish Grand Prix,1100.8464044406526,54
93,230,Vittorio Brambilla,Vittorio,Brambilla,1112.7673677612459,554,1977-08-14,1977,12,Austrian Grand Prix,1102.3684666012925,16
94,825,Kevin Magnussen,Kevin,Magnussen,1109.1374760197953,1102,2023-05-07,2023,5,Miami Grand Prix,905.1472066465047,126
95,309,Peter Revson,Peter,Revson,1108.118361463404,618,1973-09-23,1973,14,Canadian Grand Prix,1076.736801138288,16
96,872,Isack Hadjar,Isack,Hadjar,1107.0049650152628,1160,2025-09-07,2025,16,Italian Grand Prix,994.1397072971207,14
97,578,Mike Hawthorn,Mike,Hawthorn,1103.6978579125137,775,1958-10-19,1958,11,Moroccan Grand Prix,1103.6978579125137,37
98,852,Yuki Tsunoda,Yuki,Tsunoda,1103.3842532366145,1128,2024-05-26,2024,8,Monaco Grand Prix,1015.351603716736,78
99,119,Riccardo Patrese,Riccardo,Patrese,1101.7758517878954,383,1988-09-11,1988,12,Italian Grand Prix,867.1223740022716,62
100,91,Karl Wendlinger,Karl,Wendlinger,1100.5119688124082,259,1994-05-01,1994,3,San Marino Grand Prix,1053.326646698632,11
101,48,Marc Gené,Marc,Gené,1098.7849148041566,171,2000-09-10,2000,14,Italian Grand Prix,1027.3543429919323,13
102,305,Mike Hailwood,Mike,Hailwood,1098.1542507877675,628,1972-08-13,1972,9,Austrian Grand Prix,1012.8195267139215,20
103,221,Patrick Depailler,Patrick,Depailler,1097.820421205004,542,1978-10-08,1978,16,Canadian Grand Prix,1040.713798026654,37
104,172,Jacques Laffite,Jacques,Laffite,1095.862454287871,500,1980-03-01,1980,3,South African Grand Prix,880.1485710919566,29
105,306,Jean-Pierre Beltoise,Jean-Pierre,Beltoise,1095.6726990378756,598,1974-07-07,1974,9,French Grand Prix,1095.6726990378756,31
106,581,Peter Collins,Peter,Collins,1095.5153930731983,788,1956-07-01,1956,5,French Grand Prix,1050.3431605772319,14
107,202,Didier Pironi,Didier,Pironi,1094.7596518230175,477,1982-07-25,1982,11,French Grand Prix,1094.7596518230175,23
108,222,Jody Scheckter,Jody,Scheckter,1092.9116037537938,541,1978-10-01,1978,15,United States Grand Prix,956.3955073210933,44
109,131,Stefano Modena,Stefano,Modena,1092.6779443140613,318,1991-09-29,1991,14,Spanish Grand Prix,1062.3922492333957,12
110,118,Derek Warwick,Derek,Warwick,1092.4784767948402,446,1984-08-05,1984,11,German Grand Prix,957.6371706769436,31
111,476,Wolfgang von Trips,Wolfgang,von Trips,1090.754988106466,743,1961-08-06,1961,6,German Grand Prix,1090.754988106466,17
112,156,Jonathan Palmer,Jonathan,Palmer,1089.298890509204,356,1989-03-26,1989,1,Brazilian Grand Prix,984.4994939024446,16
113,813,Pastor Maldonado,Pastor,Maldonado,1089.0015645400026,897,2013-11-03,2013,17,Abu Dhabi Grand Prix,987.3414743814892,53
114,642,Nino Farina,Nino,Farina,1088.931218992873,795,1955-06-05,1955,4,Belgian Grand Prix,1088.931218992873,33
115,808,Vitaly Petrov,Vitaly,Petrov,1088.5406535629033,879,2012-11-25,2012,20,Brazilian Grand Prix,1088.5406535629033,40
116,27,Christijan Albers,Christijan,Albers,1087.8031779005366,38,2007-04-15,2007,3,Bahrain Grand Prix,1029.552040741124,17
117,16,Adrian Sutil,Adrian,Sutil,1086.4459504900863,1,2009-03-29,2009,1,Australian Grand Prix,871.1379176473007,64
118,133,Alex Caffi,Alex,Caffi,1085.506853757449,331,1990-08-26,1990,11,Belgian Grand Prix,1053.2681364211785,7
119,456,Roy Salvadori,Roy,Salvadori,1084.3339459919243,762,1959-08-23,1959,7,Portuguese Grand Prix,1040.8964585325946,24
120,831,Felipe Nasr,Felipe,Nasr,1084.0751061745357,931,2015-05-24,2015,6,Monaco Grand Prix,920.9868821508218,26
121,158,Eddie Cheever,Eddie,Cheever,1082.2777950303098,473,1982-06-06,1982,7,Detroit Grand Prix,947.0777944621404,27
122,498,José Froilán González,José Froilán,González,1082.0299240998168,805,1954-08-22,1954,7,Swiss Grand Prix,1062.8269871638768,19
123,173,Elio de Angelis,Elio,de Angelis,1081.9788316291829,464,1983-09-11,1983,13,Italian Grand Prix,963.1882053541877,22
124,67,Sébastien Buemi,Sébastien,Buemi,1078.9091966280691,845,2011-05-22,2011,5,Spanish Grand Prix,948.2837923086796,28
125,66,Allan McNish,Allan,McNish,1078.1446350510457,136,2002-08-18,2002,13,Hungarian Grand Prix,1037.8315128525512,6
126,78,Nicola Larini,Nicola,Larini,1075.731169736586,336,1990-11-04,1990,16,Australian Grand Prix,1003.4371563635812,12
127,818,Jean-Éric Vergne,Jean-Éric,Vergne,1075.2183200985141,864,2012-05-13,2012,5,Spanish Grand Prix,999.3856817315026,36
128,312,Brian Redman,Brian,Redman,1074.7231583701603,623,1972-05-14,1972,4,Monaco Grand Prix,1053.670598814442,4
129,828,Marcus Ericsson,Marcus,Ericsson,1071.773287094401,975,2017-06-11,2017,7,Canadian Grand Prix,911.5006753792784,55
130,554,Jean Behra,Jean,Behra,1069.7534714480244,789,1956-07-14,1956,6,British Grand Prix,1056.9716569026416,31
131,624,Hernando da Silva Ramos,Hernando,da Silva Ramos,1068.3542567500535,788,1956-07-01,1956,5,French Grand Prix,1068.3542567500535,5
132,87,Mark Blundell,Mark,Blundell,1067.8613537896179,282,1993-07-25,1993,10,German Grand Prix,945.9937903456943,14
133,50,Jos Verstappen,Jos,Verstappen,1067.6809465209271,151,2001-07-15,2001,11,British Grand Prix,1055.2263255126088,24
134,51,Justin Wilson,Justin,Wilson,1067.4732762578856,117,2003-07-06,2003,10,French Grand Prix,1019.0206652297563,5
135,290,Wilson Fittipaldi,Wilson,Fittipaldi,1066.9707878898635,625,1972-07-02,1972,6,French Grand Prix,1022.5785164924491,8
136,176,Marc Surer,Marc,Surer,1065.867182241906,455,1983-05-01,1983,4,San Marino Grand Prix,938.5802747124746,19
137,43,Cristiano da Matta,Cristiano,da Matta,1065.2801910570163,99,2004-07-04,2004,10,French Grand Prix,1065.2801910570163,12
138,608,Eugenio Castellotti,Eugenio,Castellotti,1064.7860697640938,798,1955-09-11,1955,7,Italian Grand Prix,1048.8188416062087,8
139,24,Vitantonio Liuzzi,Vitantonio,Liuzzi,1064.4500316182423,849,2011-07-10,2011,9,British Grand Prix,967.4283683590513,37
140,109,Jyrki Järvilehto,Jyrki,Järvilehto,1064.2178521932644,303,1992-10-25,1992,15,Japanese Grand Prix,960.412796931251,14
141,626,Robert Manzon,Robert,Manzon,1064.017786542928,823,1952-08-17,1952,7,Dutch Grand Prix,1051.4023756950096,4
142,170,Teo Fabi,Teo,Fabi,1063.488698386474,397,1987-08-16,1987,10,Austrian Grand Prix,1039.8626127724538,8
143,829,Will Stevens,Will,Stevens,1062.6617848691865,930,2015-05-10,2015,5,Spanish Grand Prix,972.277881091832,14
144,39,Narain Karthikeyan,Narain,Karthikeyan,1062.6617848691865,74,2005-04-24,2005,4,San Marino Grand Prix,779.1470603749516,29
145,404,Innes Ireland,Innes,Ireland,1062.482636964808,749,1960-06-06,1960,4,Dutch Grand Prix,1019.6596306169224,23
146,104,Christian Fittipaldi,Christian,Fittipaldi,1062.0850833698753,282,1993-07-25,1993,10,German Grand Prix,1011.3693451785332,12
147,816,Jérôme d'Ambrosio,Jérôme,d'Ambrosio,1062.0773210314346,847,2011-06-12,2011,7,Canadian Grand Prix,970.1016358947564,12
148,589,Louis Chiron,Louis,Chiron,1061.9198974321046,828,1951-07-01,1951,4,French Grand Prix,1047.8036185958485,7
149,294,Tony Brise,Tony,Brise,1060.5536750866233,587,1975-08-17,1975,12,Austrian Grand Prix,1060.5536750866233,3
150,12,Nelson Piquet Jr.,Nelson,Piquet Jr.,1059.4668450576387,27,2008-07-20,2008,10,German Grand Prix,997.6423243855579,15
151,834,Alexander Rossi,Alexander,Rossi,1059.1379410917075,943,2015-11-01,2015,17,Mexican Grand Prix,1025.331176696373,4
152,200,Jochen Mass,Jochen,Mass,1058.029696798283,513,1979-02-04,1979,2,Brazilian Grand Prix,1044.0718556691565,41
153,811,Bruno Senna,Bruno,Senna,1057.996970120649,355,2010-11-14,2010,19,Abu Dhabi Grand Prix,941.3482001131385,26
154,153,Jaime Alguersuari,Jaime,Alguersuari,1057.3055419684943,859,2011-11-27,2011,19,Brazilian Grand Prix,1057.3055419684943,24
155,193,Danny Sullivan,Danny,Sullivan,1057.216883169499,457,1983-05-22,1983,6,Belgian Grand Prix,1032.1317301503248,3
156,307,Howden Ganley,Howden,Ganley,1055.694250139709,606,1973-02-11,1973,2,Brazilian Grand Prix,1032.2812087164336,16
157,314,Tim Schenken,Tim,Schenken,1054.0260293109977,639,1971-08-15,1971,8,Austrian Grand Prix,961.4538805010341,7
158,114,Yannick Dalmas,Yannick,Dalmas,1053.6920819520242,385,1988-10-02,1988,14,Spanish Grand Prix,1053.6920819520242,5
159,79,Ukyo Katayama,Ukyo,Katayama,1050.5211719671156,270,1994-10-16,1994,14,European Grand Prix,928.75656577705,13
160,37,Pedro de la Rosa,Pedro,de la Rosa,1050.0423065405978,179,1999-05-30,1999,5,Spanish Grand Prix,985.8991495969475,30
161,859,Liam Lawson,Liam,Lawson,1049.510378203465,1114,2023-09-24,2023,16,Japanese Grand Prix,1004.7671590540008,22
162,821,Esteban Gutiérrez,Esteban,Gutiérrez,1048.1217002223061,960,2016-08-28,2016,13,Belgian Grand Prix,999.8058126552037,35
163,861,Franco Colapinto,Franco,Colapinto,1045.1851029955246,1178,2026-07-19,2026,10,Belgian Grand Prix,1045.1851029955246,12
164,427,Maurice Trintignant,Maurice,Trintignant,1044.7405360263406,769,1958-06-15,1958,5,Belgian Grand Prix,894.967071475167,39
165,327,François Cevert,François,Cevert,1044.7247606538908,613,1973-07-14,1973,9,British Grand Prix,991.224902623247,23
166,233,Hans-Joachim Stuck,Hans-Joachim,Stuck,1044.705213189584,600,1974-08-04,1974,11,German Grand Prix,976.5135077078962,10
167,255,Gunnar Nilsson,Gunnar,Nilsson,1044.4495026514505,570,1976-08-15,1976,11,Austrian Grand Prix,929.3083620348614,7
168,211,Rupert Keegan,Rupert,Keegan,1044.215004082086,557,1977-10-02,1977,15,United States Grand Prix,1010.3082436475589,8
169,663,Ken Wharton,Ken,Wharton,1044.071042224856,813,1953-07-18,1953,6,British Grand Prix,1016.3566617769436,6
170,814,Paul di Resta,Paul,di Resta,1043.8349883530495,845,2011-05-22,2011,5,Spanish Grand Prix,1030.4645878973724,42
171,33,Tiago Monteiro,Tiago,Monteiro,1043.0596651299932,80,2005-07-03,2005,10,French Grand Prix,1002.682801090537,19
172,833,Roberto Merhi,Roberto,Merhi,1043.0596651299932,937,2015-08-23,2015,11,Belgian Grand Prix,1002.390942211795,10
173,46,Gianmaria Bruni,Gianmaria,Bruni,1042.6199821921966,96,2004-05-30,2004,7,European Grand Prix,1003.4481437247997,5
174,68,Toranosuke Takagi,Toranosuke,Takagi,1041.750449483423,204,1998-09-13,1998,14,Italian Grand Prix,991.7081429428251,4
175,408,Tony Maggs,Tony,Maggs,1041.1292386341506,732,1962-07-08,1962,4,French Grand Prix,949.5762135963522,14
176,333,Andrea de Adamich,Andrea,de Adamich,1040.599976342826,627,1972-07-30,1972,8,German Grand Prix,1029.9002909212375,4
177,541,Ron Flockhart,Ron,Flockhart,1040.1339964388355,759,1959-07-05,1959,4,French Grand Prix,977.7616181159599,5
178,84,Martin Brundle,Martin,Brundle,1038.6757168045099,414,1986-08-10,1986,11,Hungarian Grand Prix,1034.4802060039285,40
179,25,Alexander Wurz,Alexander,Wurz,1038.3032513634132,199,1998-07-12,1998,9,British Grand Prix,910.5260148336151,30
180,11,Takuma Sato,Takuma,Sato,1037.863425009574,41,2007-06-10,2007,6,Canadian Grand Prix,958.5154575445881,40
181,670,Onofre Marimón,Onofre,Marimón,1037.8152218878943,803,1954-07-17,1954,5,British Grand Prix,1037.8152218878943,5
182,812,Karun Chandhok,Karun,Chandhok,1036.673004385637,346,2010-07-11,2010,10,British Grand Prix,1011.3621975983707,5
183,849,Nicholas Latifi,Nicholas,Latifi,1036.484431111416,1040,2020-09-27,2020,10,Russian Grand Prix,766.8048600610811,37
184,64,Pedro Diniz,Pedro,Diniz,1036.2922734513058,252,1995-09-24,1995,13,Portuguese Grand Prix,909.2170044893924,21
185,641,Piero Taruffi,Piero,Taruffi,1035.777435069053,817,1952-05-18,1952,1,Swiss Grand Prix,993.9195715275555,13
186,374,Mike Spence,Mike,Spence,1035.7121049646692,718,1964-10-25,1964,10,Mexican Grand Prix,985.8116229723146,10
187,163,René Arnoux,René,Arnoux,1035.1759308406786,391,1987-05-31,1987,4,Monaco Grand Prix,955.1284976463048,32
188,838,Stoffel Vandoorne,Stoffel,Vandoorne,1034.947086130124,983,2017-10-01,2017,15,Malaysian Grand Prix,1018.589840589045,16
189,253,Ingo Hoffmann,Ingo,Hoffmann,1034.5929847939126,560,1976-01-25,1976,1,Brazilian Grand Prix,1017.0271092286349,2
190,288,Mark Donohue,Mark,Donohue,1033.6841696770568,641,1971-09-19,1971,10,Canadian Grand Prix,1033.6841696770568,1
191,187,John Watson,John,Watson,1032.5175191228136,550,1977-06-19,1977,8,Swedish Grand Prix,982.3241725705843,31
192,363,Ignazio Giunti,Ignazio,Giunti,1031.990173525632,646,1970-06-07,1970,4,Belgian Grand Prix,1022.5180722057696,2
193,243,Rolf Stommelen,Rolf,Stommelen,1031.3115347479522,623,1972-05-14,1972,4,Monaco Grand Prix,841.8311014248143,27
194,106,Olivier Beretta,Olivier,Beretta,1031.0193146707638,260,1994-05-15,1994,4,Monaco Grand Prix,991.6918683240428,3
195,88,Aguri Suzuki,Aguri,Suzuki,1030.7749306236558,288,1993-11-07,1993,16,Australian Grand Prix,1010.5868813038262,16
196,277,Michel Leclère,Michel,Leclère,1030.506054150066,561,1976-03-06,1976,2,South African Grand Prix,990.3002586743328,3
197,127,Maurício Gugelmin,Maurício,Gugelmin,1029.7982675847202,300,1992-08-30,1992,12,Belgian Grand Prix,1029.7982675847202,9
198,855,Guanyu Zhou,Guanyu,Zhou,1028.0044379011917,1127,2024-05-19,2024,7,Emilia Romagna Grand Prix,994.0004285814824,49
199,669,Prince Bira,Prince,Bira,1027.4275114313818,802,1954-07-04,1954,4,French Grand Prix,1022.1798101234203,12
200,479,Tony Brooks,Tony,Brooks,1026.9609487756572,761,1959-08-02,1959,6,German Grand Prix,970.8718495572937,15
201,122,Ivan Capelli,Ivan,Capelli,1026.8396497636,383,1988-09-11,1988,12,Italian Grand Prix,1005.299612335615,8
202,120,Fabrizio Barbazza,Fabrizio,Barbazza,1026.7754675802482,275,1993-04-11,1993,3,European Grand Prix,1001.8646781650083,2
203,246,Hans Binder,Hans,Binder,1026.2672706179258,557,1977-10-02,1977,15,United States Grand Prix,1026.2672706179258,3
204,477,Cliff Allison,Cliff,Allison,1026.2209181027822,746,1960-02-07,1960,1,Argentine Grand Prix,1018.3671672893726,9
205,866,Gabriel Bortoleto,Gabriel,Bortoleto,1026.0608309168067,1178,2026-07-19,2026,10,Belgian Grand Prix,1026.0608309168067,10
206,26,Scott Speed,Scott,Speed,1025.927449062025,37,2007-04-08,2007,2,Malaysian Grand Prix,1025.927449062025,10
207,313,Rikky von Opel,Rikky,von Opel,1025.6552293468878,596,1974-06-09,1974,7,Swedish Grand Prix,1012.7138975131558,2
208,643,Roberto Mieres,Roberto,Mieres,1025.187340586051,792,1955-01-16,1955,1,Argentine Grand Prix,1008.305439671364,11
209,59,Enrique Bernoldi,Enrique,Bernoldi,1024.097269515582,132,2002-06-23,2002,9,European Grand Prix,1024.097269515582,7
210,190,Corrado Fabi,Corrado,Fabi,1024.0,462,1983-08-14,1983,11,Austrian Grand Prix,1024.0,1
211,388,Chris Irwin,Chris,Irwin,1024.0,684,1967-07-15,1967,6,British Grand Prix,1024.0,1
212,406,Paul Hawkins,Paul,Hawkins,1024.0,699,1965-01-01,1965,1,South African Grand Prix,1024.0,1
213,484,Brian Naylor,Brian,Naylor,1024.0,781,1957-08-04,1957,6,German Grand Prix,1024.0,1
214,500,Gino Munaron,Gino,Munaron,1024.0,746,1960-02-07,1960,1,Argentine Grand Prix,1024.0,1
215,682,Don Beauman,Don,Beauman,1024.0,803,1954-07-17,1954,5,British Grand Prix,1024.0,2
216,710,Rudolf Krause,Rudolf,Krause,1024.0,814,1953-08-02,1953,7,German Grand Prix,1024.0,1
217,742,Dennis Poore,Dennis,Poore,1024.0,821,1952-07-19,1952,5,British Grand Prix,1024.0,3
218,751,Fritz Riess,Fritz,Riess,1024.0,822,1952-08-03,1952,6,German Grand Prix,1024.0,2
219,784,David Hampshire,David,Hampshire,1024.0,833,1950-05-13,1950,1,British Grand Prix,1024.0,2
220,188,Johnny Cecotto,Johnny,Cecotto,1024.0,464,1983-09-11,1983,13,Italian Grand Prix,998.344770653112,2
221,431,Edgar Barth,Edgar,Barth,1024.0,781,1957-08-04,1957,6,German Grand Prix,997.3290613964803,2
222,194,Eliseo Salazar,Eliseo,Salazar,1024.0,467,1982-01-23,1982,1,South African Grand Prix,996.7052131895839,2
223,689,Alan Brown,Alan,Brown,1024.0,817,1952-05-18,1952,1,Swiss Grand Prix,995.7842638577542,6
224,619,Bob Gerard,Bob,Gerard,1024.0,833,1950-05-13,1950,1,British Grand Prix,995.6744002261594,4
225,632,Paul Frère,Paul,Frère,1024.0,819,1952-06-22,1952,3,Belgian Grand Prix,994.9207841525088,6
226,478,Hans Herrmann,Hans,Herrmann,1024.0,814,1953-08-02,1953,7,German Grand Prix,971.3332234341383,10
227,704,Yves Cabantous,Yves,Cabantous,1024.0,833,1950-05-13,1950,1,British Grand Prix,962.0970725925405,8
228,40,Patrick Friesacher,Patrick,Friesacher,1024.0,73,2005-04-03,2005,3,Bahrain Grand Prix,952.8391594480807,4
229,159,Luis Pérez-Sala,Luis,Pérez-Sala,1024.0,373,1988-05-01,1988,2,San Marino Grand Prix,925.8050746904107,6
230,462,Colin Davis,Colin,Davis,1023.6294851424252,763,1959-09-13,1959,8,Italian Grand Prix,1023.6294851424252,1
231,346,Jo Siffert,Jo,Siffert,1023.4410955596454,722,1963-06-30,1963,4,French Grand Prix,993.606092200623,36
232,696,John Barber,John,Barber,1023.4024544895831,808,1953-01-18,1953,1,Argentine Grand Prix,1023.4024544895831,1
233,146,Bernd Schneider,Bernd,Schneider,1023.3781218523536,380,1988-07-24,1988,9,German Grand Prix,995.8907088641519,2
234,237,Alex Ribeiro,Alex,Ribeiro,1023.3168233393948,574,1976-10-10,1976,15,United States Grand Prix,1021.5995738587578,3
235,544,Piero Drogo,Piero,Drogo,1023.171398827246,754,1960-09-04,1960,9,Italian Grand Prix,1023.171398827246,1
236,86,Giovanni Lavaggi,Giovanni,Lavaggi,1022.9385378250287,238,1996-09-22,1996,15,Portuguese Grand Prix,1022.9385378250287,1
237,129,Olivier Grouillard,Olivier,Grouillard,1022.4535695782554,359,1989-05-28,1989,4,Mexican Grand Prix,1003.5075928585652,2
238,505,Chris Bristow,Chris,Bristow,1022.344770653112,760,1959-07-18,1959,5,British Grand Prix,1022.344770653112,1
239,502,Alan Stacey,Alan,Stacey,1022.3302154769651,760,1959-07-18,1959,5,British Grand Prix,1022.3302154769651,1
240,185,Stefan Bellof,Stefan,Bellof,1022.2393719348387,424,1985-06-16,1985,5,Canadian Grand Prix,1016.6065785560488,3
241,357,John Miles,John,Miles,1022.0961912220164,643,1970-03-07,1970,1,South African Grand Prix,1001.3805666495625,5
242,97,Massimiliano Papis,Massimiliano,Papis,1022.009026399236,251,1995-09-10,1995,12,Italian Grand Prix,1022.009026399236,1
243,332,George Follmer,George,Follmer,1021.9913424073331,617,1973-09-09,1973,13,Italian Grand Prix,993.8513345697044,4
244,103,Éric Bernard,Éric,Bernard,1021.8965262326719,325,1990-06-10,1990,5,Canadian Grand Prix,897.5976097933717,13
245,441,Tim Parnell,Tim,Parnell,1021.8287000814756,744,1961-09-10,1961,7,Italian Grand Prix,1021.8287000814756,1
246,262,Jackie Oliver,Jackie,Oliver,1021.5797662710885,550,1977-06-19,1977,8,Swedish Grand Prix,1021.5797662710885,11
247,385,Lorenzo Bandini,Lorenzo,Bandini,1021.443094512132,744,1961-09-10,1961,7,Italian Grand Prix,902.6471079399803,15
248,347,Jo Bonnier,Jo,Bonnier,1021.2853220937465,761,1959-08-02,1959,6,German Grand Prix,927.7733367598115,36
249,192,Chico Serra,Chico,Serra,1021.1730478349582,489,1981-06-21,1981,7,Spanish Grand Prix,976.4662158294524,3
250,361,Piers Courage,Piers,Courage,1021.0771018304372,672,1968-07-07,1968,6,French Grand Prix,1005.6300098327532,6
251,259,David Purley,David,Purley,1020.8898585461641,615,1973-08-05,1973,11,German Grand Prix,1020.8898585461641,1
252,380,Frank Gardner,Frank,Gardner,1020.6891346434954,704,1965-07-18,1965,6,Dutch Grand Prix,1020.6891346434954,4
253,394,Giancarlo Baghetti,Giancarlo,Baghetti,1020.5656019470903,741,1961-07-02,1961,4,French Grand Prix,861.7132716072385,10
254,843,Brendon Hartley,Brendon,Hartley,1020.5289878211963,999,2018-07-22,2018,11,German Grand Prix,969.0511524402235,12
255,835,Jolyon Palmer,Jolyon,Palmer,1019.7661951431197,948,2016-03-20,2016,1,Australian Grand Prix,984.0082367937172,19
256,206,Derek Daly,Derek,Daly,1019.3574917944178,541,1978-10-01,1978,15,United States Grand Prix,886.2785767523093,12
257,52,Ralph Firman,Ralph,Firman,1019.3028441538422,116,2003-06-29,2003,9,European Grand Prix,1019.3028441538422,2
258,483,Giorgio Scarlatti,Giorgio,Scarlatti,1018.3998898415696,759,1959-07-05,1959,4,French Grand Prix,1013.3554344299879,6
259,232,Arturo Merzario,Arturo,Merzario,1017.0585471690313,606,1973-02-11,1973,2,Brazilian Grand Prix,954.6595979443895,6
260,401,Trevor Taylor,Trevor,Taylor,1017.0270971395593,729,1962-05-20,1962,1,Dutch Grand Prix,976.2915331833883,9
261,209,Geoff Lees,Geoff,Lees,1016.686761038725,521,1979-07-29,1979,10,German Grand Prix,1016.686761038725,1
262,386,Richie Ginther,Richie,Ginther,1016.6540601670362,708,1965-10-24,1965,10,Mexican Grand Prix,1011.4241402178948,33
263,38,Robert Doornbos,Robert,Doornbos,1016.164215339745,88,2005-10-09,2005,18,Japanese Grand Prix,986.5889774745663,5
264,810,Lucas di Grassi,Lucas,di Grassi,1015.8100071525852,349,2010-08-29,2010,13,Belgian Grand Prix,978.9084287734523,7
265,403,Phil Hill,Phil,Hill,1014.7052975924875,713,1964-07-11,1964,5,British Grand Prix,1014.7052975924875,34
266,298,Gijs van Lennep,Gijs,van Lennep,1014.4919477147776,614,1973-07-29,1973,10,Dutch Grand Prix,1014.4919477147776,2
267,708,Duncan Hamilton,Duncan,Hamilton,1014.4843933995376,823,1952-08-17,1952,7,Dutch Grand Prix,1014.4843933995376,2
268,778,Brian Shawe Taylor,Brian,Shawe Taylor,1014.4779302709261,829,1951-07-14,1951,5,British Grand Prix,1014.4779302709261,2
269,140,Stefan Johansson,Stefan,Johansson,1014.3597059516654,408,1986-05-25,1986,5,Belgian Grand Prix,1009.8875159673681,19
270,435,Willy Mairesse,Willy,Mairesse,1014.0842654945004,735,1962-09-16,1962,7,Italian Grand Prix,1014.0842654945004,4
271,496,Carlos Menditeguy,Carlos,Menditeguy,1013.704406049709,746,1960-02-07,1960,1,Argentine Grand Prix,1013.704406049709,4
272,686,Reg Parnell,Reg,Parnell,1012.828601172754,829,1951-07-14,1951,5,British Grand Prix,1005.0857435255626,3
273,823,Giedo van der Garde,Giedo,van der Garde,1012.6519205882493,898,2013-11-17,2013,18,United States Grand Prix,1012.6519205882493,12
274,251,Ian Scheckter,Ian,Scheckter,1012.3726633024266,555,1977-08-28,1977,13,Dutch Grand Prix,1012.3726633024266,2
275,856,Nyck de Vries,Nyck,de Vries,1011.831274489352,1089,2022-09-11,2022,16,Italian Grand Prix,945.9187762593526,9
276,644,Sergio Mantovani,Sergio,Mantovani,1011.3770276431044,804,1954-08-01,1954,6,German Grand Prix,986.9529170699296,6
277,418,Masten Gregory,Masten,Gregory,1011.372929979836,751,1960-07-03,1960,6,French Grand Prix,925.670113829429,18
278,136,Jan Lammers,Jan,Lammers,1011.3590195367037,521,1979-07-29,1979,10,German Grand Prix,1011.3590195367037,4
279,54,Luciano Burti,Luciano,Burti,1010.9461989287636,141,2001-03-04,2001,1,Australian Grand Prix,1003.5906540772108,6
280,219,Jean-Pierre Jabouille,Jean-Pierre,Jabouille,1010.4151639699189,519,1979-07-01,1979,8,French Grand Prix,1009.1813936098845,4
281,258,Patrick Nève,Patrick,Nève,1009.2614257721915,549,1977-06-05,1977,7,Belgian Grand Prix,984.3964800117343,3
282,434,Hap Sharp,Hap,Sharp,1007.6479584123141,727,1963-10-27,1963,9,Mexican Grand Prix,1007.6479584123141,4
283,69,Luca Badoer,Luca,Badoer,1006.7227226818598,284,1993-08-29,1993,12,Belgian Grand Prix,932.0672685415656,15
284,370,Richard Attwood,Richard,Attwood,1006.6273491195975,706,1965-09-12,1965,8,Italian Grand Prix,921.8324630776717,7
285,845,Sergey Sirotkin,Sergey,Sirotkin,1005.6286360591013,1001,2018-08-26,2018,13,Belgian Grand Prix,959.3769426678698,16
286,184,Mauro Baldi,Mauro,Baldi,1003.2947868104161,475,1982-07-03,1982,9,Dutch Grand Prix,1002.6243815654553,4
287,181,Manfred Winkelhock,Manfred,Winkelhock,1003.2947868104161,475,1982-07-03,1982,9,Dutch Grand Prix,963.879851741006,4
288,197,Jean-Pierre Jarier,Jean-Pierre,Jarier,1003.2947868104161,564,1976-05-16,1976,5,Belgian Grand Prix,872.9494694408495,22
289,101,David Brabham,David,Brabham,1001.6470633853868,264,1994-07-10,1994,8,British Grand Prix,1001.6470633853868,2
290,152,Bruno Giacomelli,Bruno,Giacomelli,1000.781480797759,467,1982-01-23,1982,1,South African Grand Prix,892.5689447946056,14
291,28,Markus Winkelhock,Markus,Winkelhock,1000.0,,,,,,1000.0,0
292,72,Stéphane Sarrazin,Stéphane,Sarrazin,1000.0,,,,,,1000.0,0
293,80,Vincenzo Sospiri,Vincenzo,Sospiri,1000.0,,,,,,1000.0,0
294,85,Andrea Montermini,Andrea,Montermini,1000.0,,,,,,1000.0,0
295,98,Jean-Denis Délétraz,Jean-Denis,Délétraz,1000.0,,,,,,1000.0,0
296,107,Roland Ratzenberger,Roland,Ratzenberger,1000.0,,,,,,1000.0,0
297,115,Hideki Noda,Hideki,Noda,1000.0,,,,,,1000.0,0
298,124,Marco Apicella,Marco,Apicella,1000.0,,,,,,1000.0,0
299,128,Eric van de Poele,Eric,van de Poele,1000.0,,,,,,1000.0,0
300,130,Andrea Chiesa,Andrea,Chiesa,1000.0,,,,,,1000.0,0
301,132,Giovanna Amati,Giovanna,Amati,1000.0,,,,,,1000.0,0
302,134,Enrico Bertaggia,Enrico,Bertaggia,1000.0,,,,,,1000.0,0
303,135,Perry McCarthy,Perry,McCarthy,1000.0,,,,,,1000.0,0
304,142,Pedro Chaves,Pedro,Chaves,1000.0,,,,,,1000.0,0
305,143,Michael Bartels,Michael,Bartels,1000.0,,,,,,1000.0,0
306,144,Naoki Hattori,Naoki,Hattori,1000.0,,,,,,1000.0,0
307,148,Gregor Foitek,Gregor,Foitek,1000.0,,,,,,1000.0,0
308,149,Claudio Langes,Claudio,Langes,1000.0,,,,,,1000.0,0
309,150,Gary Brabham,Gary,Brabham,1000.0,,,,,,1000.0,0
310,161,Volker Weidler,Volker,Weidler,1000.0,,,,,,1000.0,0
311,162,Pierre-Henri Raphanel,Pierre-Henri,Raphanel,1000.0,,,,,,1000.0,0
312,164,Joachim Winkelhock,Joachim,Winkelhock,1000.0,,,,,,1000.0,0
313,165,Oscar Larrauri,Oscar,Larrauri,1000.0,,,,,,1000.0,0
314,169,Pascal Fabre,Pascal,Fabre,1000.0,,,,,,1000.0,0
315,171,Franco Forini,Franco,Forini,1000.0,,,,,,1000.0,0
316,179,Huub Rothengatter,Huub,Rothengatter,1000.0,,,,,,1000.0,0
317,180,Allen Berg,Allen,Berg,1000.0,,,,,,1000.0,0
318,186,Kenny Acheson,Kenny,Acheson,1000.0,,,,,,1000.0,0
319,189,Jo Gartner,Jo,Gartner,1000.0,,,,,,1000.0,0
320,191,Mike Thackwell,Mike,Thackwell,1000.0,,,,,,1000.0,0
321,198,Jacques Villeneuve Sr.,Jacques,Villeneuve Sr.,1000.0,,,,,,1000.0,0
322,204,Riccardo Paletti,Riccardo,Paletti,1000.0,,,,,,1000.0,0
323,210,Tommy Byrne,Tommy,Byrne,1000.0,,,,,,1000.0,0
324,213,Beppe Gabbiani,Beppe,Gabbiani,1000.0,,,,,,1000.0,0
325,214,Kevin Cogan,Kevin,Cogan,1000.0,,,,,,1000.0,0
326,215,Miguel Ángel Guerra,Miguel Ángel,Guerra,1000.0,,,,,,1000.0,0
327,218,Ricardo Londoño,Ricardo,Londoño,1000.0,,,,,,1000.0,0
328,220,Giorgio Francia,Giorgio,Francia,1000.0,,,,,,1000.0,0
329,225,Dave Kennedy,Dave,Kennedy,1000.0,,,,,,1000.0,0
330,226,Stephen South,Stephen,South,1000.0,,,,,,1000.0,0
331,227,Tiff Needell,Tiff,Needell,1000.0,,,,,,1000.0,0
332,228,Desiré Wilson,Desiré,Wilson,1000.0,,,,,,1000.0,0
333,234,Gianfranco Brancatelli,Gianfranco,Brancatelli,1000.0,,,,,,1000.0,0
334,236,Patrick Gaillard,Patrick,Gaillard,1000.0,,,,,,1000.0,0
335,240,Danny Ongais,Danny,Ongais,1000.0,,,,,,1000.0,0
336,241,Lamberto Leoni,Lamberto,Leoni,1000.0,,,,,,1000.0,0
337,242,Divina Galica,Divina,Galica,1000.0,,,,,,1000.0,0
338,244,Alberto Colombo,Alberto,Colombo,1000.0,,,,,,1000.0,0
339,245,Tony Trimmer,Tony,Trimmer,1000.0,,,,,,1000.0,0
340,247,Michael Bleekemolen,Michael,Bleekemolen,1000.0,,,,,,1000.0,0
341,248,Carlo Franchi,Carlo,Franchi,1000.0,,,,,,1000.0,0
342,254,Renzo Zorzi,Renzo,Zorzi,1000.0,,,,,,1000.0,0
343,257,Boy Lunger,Boy,Lunger,1000.0,,,,,,1000.0,0
344,260,Conny Andersson,Conny,Andersson,1000.0,,,,,,1000.0,0
345,261,Bernard de Dryver,Bernard,de Dryver,1000.0,,,,,,1000.0,0
346,263,Mikko Kozarowitzky,Mikko,Kozarowitzky,1000.0,,,,,,1000.0,0
347,264,Andy Sutcliffe,Andy,Sutcliffe,1000.0,,,,,,1000.0,0
348,266,Brian McGuire,Brian,McGuire,1000.0,,,,,,1000.0,0
349,268,Hans Heyer,Hans,Heyer,1000.0,,,,,,1000.0,0
350,271,Loris Kessel,Loris,Kessel,1000.0,,,,,,1000.0,0
351,273,Kazuyoshi Hoshino,Kazuyoshi,Hoshino,1000.0,,,,,,1000.0,0
352,276,Bob Evans,Bob,Evans,1000.0,,,,,,1000.0,0
353,279,Emilio Zapico,Emilio,Zapico,1000.0,,,,,,1000.0,0
354,281,Jac Nelleman,Jac,Nelleman,1000.0,,,,,,1000.0,0
355,282,Damien Magee,Damien,Magee,1000.0,,,,,,1000.0,0
356,283,Mike Wilds,Mike,Wilds,1000.0,,,,,,1000.0,0
357,285,Otto Stuppacher,Otto,Stuppacher,1000.0,,,,,,1000.0,0
358,286,Warwick Brown,Warwick,Brown,1000.0,,,,,,1000.0,0
359,287,Masahiro Hasemi,Masahiro,Hasemi,1000.0,,,,,,1000.0,0
360,295,Roelof Wunderink,Roelof,Wunderink,1000.0,,,,,,1000.0,0
361,297,Torsten Palm,Torsten,Palm,1000.0,,,,,,1000.0,0
362,299,Hiroshi Fushida,Hiroshi,Fushida,1000.0,,,,,,1000.0,0
363,300,John Nicholson,John,Nicholson,1000.0,,,,,,1000.0,0
364,301,Dave Morgan,Dave,Morgan,1000.0,,,,,,1000.0,0
365,302,Jim Crawford,Jim,Crawford,1000.0,,,,,,1000.0,0
366,303,Jo Vonlanthen,Jo,Vonlanthen,1000.0,,,,,,1000.0,0
367,310,Paddy Driver,Paddy,Driver,1000.0,,,,,,1000.0,0
368,311,Tom Belsø,Tom,Belsø,1000.0,,,,,,1000.0,0
369,315,Gérard Larrousse,Gérard,Larrousse,1000.0,,,,,,1000.0,0
370,316,Leo Kinnunen,Leo,Kinnunen,1000.0,,,,,,1000.0,0
371,318,Bertil Roos,Bertil,Roos,1000.0,,,,,,1000.0,0
372,319,José Dolhem,José,Dolhem,1000.0,,,,,,1000.0,0
373,321,Derek Bell,Derek,Bell,1000.0,,,,,,1000.0,0
374,323,Dieter Quester,Dieter,Quester,1000.0,,,,,,1000.0,0
375,324,Helmuth Koinigg,Helmuth,Koinigg,1000.0,,,,,,1000.0,0
376,325,Carlo Facetti,Carlo,Facetti,1000.0,,,,,,1000.0,0
377,326,Eppie Wietzes,Eppie,Wietzes,1000.0,,,,,,1000.0,0
378,331,Luiz Bueno,Luiz,Bueno,1000.0,,,,,,1000.0,0
379,334,Jackie Pretorius,Jackie,Pretorius,1000.0,,,,,,1000.0,0
380,335,Roger Williamson,Roger,Williamson,1000.0,,,,,,1000.0,0
381,336,Graham McRae,Graham,McRae,1000.0,,,,,,1000.0,0
382,339,Alex Soler-Roig,Alex,Soler-Roig,1000.0,,,,,,1000.0,0
383,343,Bill Brack,Bill,Brack,1000.0,,,,,,1000.0,0
384,344,Sam Posey,Sam,Posey,1000.0,,,,,,1000.0,0
385,348,François Mazet,François,Mazet,1000.0,,,,,,1000.0,0
386,349,Max Jean,Max,Jean,1000.0,,,,,,1000.0,0
387,354,Chris Craft,Chris,Craft,1000.0,,,,,,1000.0,0
388,365,Hubert Hahne,Hubert,Hahne,1000.0,,,,,,1000.0,0
389,366,Gus Hutchison,Gus,Hutchison,1000.0,,,,,,1000.0,0
390,367,Peter Westbury,Peter,Westbury,1000.0,,,,,,1000.0,0
391,368,Sam Tingle,Sam,Tingle,1000.0,,,,,,1000.0,0
392,369,Basil van Rooyen,Basil,van Rooyen,1000.0,,,,,,1000.0,0
393,371,Al Pease,Al,Pease,1000.0,,,,,,1000.0,0
394,372,John Cordts,John,Cordts,1000.0,,,,,,1000.0,0
395,377,Jo Schlesser,Jo,Schlesser,1000.0,,,,,,1000.0,0
396,378,Robin Widdows,Robin,Widdows,1000.0,,,,,,1000.0,0
397,381,Bobby Unser,Bobby,Unser,1000.0,,,,,,1000.0,0
398,384,Luki Botha,Luki,Botha,1000.0,,,,,,1000.0,0
399,391,Brian Hart,Brian,Hart,1000.0,,,,,,1000.0,0
400,392,Mike Fisher,Mike,Fisher,1000.0,,,,,,1000.0,0
401,393,Tom Jones,Tom,Jones,1000.0,,,,,,1000.0,0
402,395,Jonathan Williams,Jonathan,Williams,1000.0,,,,,,1000.0,0
403,398,Vic Wilson,Vic,Wilson,1000.0,,,,,,1000.0,0
404,400,Chris Lawrence,Chris,Lawrence,1000.0,,,,,,1000.0,0
405,402,Giacomo Russo,Giacomo,Russo,1000.0,,,,,,1000.0,0
406,409,Trevor Blokdyk,Trevor,Blokdyk,1000.0,,,,,,1000.0,0
407,411,Doug Serrurier,Doug,Serrurier,1000.0,,,,,,1000.0,0
408,412,Brausch Niemann,Brausch,Niemann,1000.0,,,,,,1000.0,0
409,414,Clive Puzey,Clive,Puzey,1000.0,,,,,,1000.0,0
410,415,Ray Reed,Ray,Reed,1000.0,,,,,,1000.0,0
411,416,David Clapham,David,Clapham,1000.0,,,,,,1000.0,0
412,417,Alex Blignaut,Alex,Blignaut,1000.0,,,,,,1000.0,0
413,419,John Rhodes,John,Rhodes,1000.0,,,,,,1000.0,0
414,421,Alan Rollinson,Alan,Rollinson,1000.0,,,,,,1000.0,0
415,422,Brian Gubby,Brian,Gubby,1000.0,,,,,,1000.0,0
416,424,Roberto Bussinello,Roberto,Bussinello,1000.0,,,,,,1000.0,0
417,426,Giorgio Bassi,Giorgio,Bassi,1000.0,,,,,,1000.0,0
418,432,Mário de Araújo Cabral,Mário de Araújo,Cabral,1000.0,,,,,,1000.0,0
419,433,Walt Hansgen,Walt,Hansgen,1000.0,,,,,,1000.0,0
420,438,Tony Settember,Tony,Settember,1000.0,,,,,,1000.0,0
421,442,Kurt Kuhnke,Kurt,Kuhnke,1000.0,,,,,,1000.0,0
422,443,Ernesto Brambilla,Ernesto,Brambilla,1000.0,,,,,,1000.0,0
423,444,Roberto Lippi,Roberto,Lippi,1000.0,,,,,,1000.0,0
424,445,Günther Seiffert,Günther,Seiffert,1000.0,,,,,,1000.0,0
425,446,Carlo Abate,Carlo,Abate,1000.0,,,,,,1000.0,0
426,447,Gaetano Starrabba,Gaetano,Starrabba,1000.0,,,,,,1000.0,0
427,448,Peter Broeker,Peter,Broeker,1000.0,,,,,,1000.0,0
428,449,Rodger Ward,Rodger,Ward,1000.0,,,,,,1000.0,0
429,450,Ernie de Vos,Ernie,de Vos,1000.0,,,,,,1000.0,0
430,451,Frank Dochnal,Frank,Dochnal,1000.0,,,,,,1000.0,0
431,452,Thomas Monarch,Thomas,Monarch,1000.0,,,,,,1000.0,0
432,457,Ben Pon,Ben,Pon,1000.0,,,,,,1000.0,0
433,458,Rob Slotemaker,Rob,Slotemaker,1000.0,,,,,,1000.0,0
434,461,Heinz Schiller,Heinz,Schiller,1000.0,,,,,,1000.0,0
435,464,Tony Shelly,Tony,Shelly,1000.0,,,,,,1000.0,0
436,465,Keith Greene,Keith,Greene,1000.0,,,,,,1000.0,0
437,467,Ernesto Prinoth,Ernesto,Prinoth,1000.0,,,,,,1000.0,0
438,470,Timmy Mayer,Timmy,Mayer,1000.0,,,,,,1000.0,0
439,472,Mike Harris,Mike,Harris,1000.0,,,,,,1000.0,0
440,473,Gary Hocking,Gary,Hocking,1000.0,,,,,,1000.0,0
441,474,Syd van der Vyver,Syd,van der Vyver,1000.0,,,,,,1000.0,0
442,485,Juan Manuel Bordeu,Juan Manuel,Bordeu,1000.0,,,,,,1000.0,0
443,487,Massimo Natili,Massimo,Natili,1000.0,,,,,,1000.0,0
444,488,Peter Monteverdi,Peter,Monteverdi,1000.0,,,,,,1000.0,0
445,490,Geoff Duke,Geoff,Duke,1000.0,,,,,,1000.0,0
446,491,Alfonso Thiele,Alfonso,Thiele,1000.0,,,,,,1000.0,0
447,492,Menato Boffa,Menato,Boffa,1000.0,,,,,,1000.0,0
448,494,Lloyd Ruby,Lloyd,Ruby,1000.0,,,,,,1000.0,0
449,495,Ken Miles,Ken,Miles,1000.0,,,,,,1000.0,0
450,503,Ettore Chimeri,Ettore,Chimeri,1000.0,,,,,,1000.0,0
451,504,Antonio Creus,Antonio,Creus,1000.0,,,,,,1000.0,0
452,507,Chuck Daigh,Chuck,Daigh,1000.0,,,,,,1000.0,0
453,508,Lance Reventlow,Lance,Reventlow,1000.0,,,,,,1000.0,0
454,509,Jim Rathmann,Jim,Rathmann,1000.0,,,,,,1000.0,0
455,510,Paul Goldsmith,Paul,Goldsmith,1000.0,,,,,,1000.0,0
456,511,Don Branson,Don,Branson,1000.0,,,,,,1000.0,0
457,512,Johnny Thomson,Johnny,Thomson,1000.0,,,,,,1000.0,0
458,513,Eddie Johnson,Eddie,Johnson,1000.0,,,,,,1000.0,0
459,514,Bob Veith,Bob,Veith,1000.0,,,,,,1000.0,0
460,515,Bud Tingelstad,Bud,Tingelstad,1000.0,,,,,,1000.0,0
461,516,Bob Christie,Bob,Christie,1000.0,,,,,,1000.0,0
462,517,Red Amick,Red,Amick,1000.0,,,,,,1000.0,0
463,518,Duane Carter,Duane,Carter,1000.0,,,,,,1000.0,0
464,519,Bill Homeier,Bill,Homeier,1000.0,,,,,,1000.0,0
465,520,Gene Hartley,Gene,Hartley,1000.0,,,,,,1000.0,0
466,521,Chuck Stevenson,Chuck,Stevenson,1000.0,,,,,,1000.0,0
467,522,Bobby Grim,Bobby,Grim,1000.0,,,,,,1000.0,0
468,523,Shorty Templeman,Shorty,Templeman,1000.0,,,,,,1000.0,0
469,524,Jim Hurtubise,Jim,Hurtubise,1000.0,,,,,,1000.0,0
470,525,Jimmy Bryan,Jimmy,Bryan,1000.0,,,,,,1000.0,0
471,527,Eddie Sachs,Eddie,Sachs,1000.0,,,,,,1000.0,0
472,528,Don Freeland,Don,Freeland,1000.0,,,,,,1000.0,0
473,529,Tony Bettenhausen,Tony,Bettenhausen,1000.0,,,,,,1000.0,0
474,530,Wayne Weiler,Wayne,Weiler,1000.0,,,,,,1000.0,0
475,531,Anthony Foyt,Anthony,Foyt,1000.0,,,,,,1000.0,0
476,532,Eddie Russo,Eddie,Russo,1000.0,,,,,,1000.0,0
477,533,Johnny Boyd,Johnny,Boyd,1000.0,,,,,,1000.0,0
478,534,Gene Force,Gene,Force,1000.0,,,,,,1000.0,0
479,535,Jim McWithey,Jim,McWithey,1000.0,,,,,,1000.0,0
480,536,Len Sutton,Len,Sutton,1000.0,,,,,,1000.0,0
481,537,Dick Rathmann,Dick,Rathmann,1000.0,,,,,,1000.0,0
482,538,Al Herman,Al,Herman,1000.0,,,,,,1000.0,0
483,539,Dempsey Wilson,Dempsey,Wilson,1000.0,,,,,,1000.0,0
484,540,Mike Taylor,Mike,Taylor,1000.0,,,,,,1000.0,0
485,543,Giulio Cabianca,Giulio,Cabianca,1000.0,,,,,,1000.0,0
486,545,Fred Gamble,Fred,Gamble,1000.0,,,,,,1000.0,0
487,546,Arthur Owen,Arthur,Owen,1000.0,,,,,,1000.0,0
488,548,Bob Drake,Bob,Drake,1000.0,,,,,,1000.0,0
489,550,Alain de Changy,Alain,de Changy,1000.0,,,,,,1000.0,0
490,552,Jean Lucienbonnet,Jean,Lucienbonnet,1000.0,,,,,,1000.0,0
491,553,André Testut,André,Testut,1000.0,,,,,,1000.0,0
492,555,Paul Russo,Paul,Russo,1000.0,,,,,,1000.0,0
493,556,Jimmy Daywalt,Jimmy,Daywalt,1000.0,,,,,,1000.0,0
494,557,Chuck Arnold,Chuck,Arnold,1000.0,,,,,,1000.0,0
495,558,Al Keller,Al,Keller,1000.0,,,,,,1000.0,0
496,559,Pat Flaherty,Pat,Flaherty,1000.0,,,,,,1000.0,0
497,560,Bill Cheesbourg,Bill,Cheesbourg,1000.0,,,,,,1000.0,0
498,561,Ray Crawford,Ray,Crawford,1000.0,,,,,,1000.0,0
499,562,Jack Turner,Jack,Turner,1000.0,,,,,,1000.0,0
500,563,Chuck Weyant,Chuck,Weyant,1000.0,,,,,,1000.0,0
501,564,Jud Larson,Jud,Larson,1000.0,,,,,,1000.0,0
502,565,Mike Magill,Mike,Magill,1000.0,,,,,,1000.0,0
503,568,Azdrubal Fontes,Azdrubal,Fontes,1000.0,,,,,,1000.0,0
504,570,Bill Moss,Bill,Moss,1000.0,,,,,,1000.0,0
505,571,Dennis Taylor,Dennis,Taylor,1000.0,,,,,,1000.0,0
506,572,Harry Blanchard,Harry,Blanchard,1000.0,,,,,,1000.0,0
507,573,Alessandro de Tomaso,Alessandro,de Tomaso,1000.0,,,,,,1000.0,0
508,574,George Constantine,George,Constantine,1000.0,,,,,,1000.0,0
509,575,Bob Said,Bob,Said,1000.0,,,,,,1000.0,0
510,576,Phil Cade,Phil,Cade,1000.0,,,,,,1000.0,0
511,582,Ken Kavanagh,Ken,Kavanagh,1000.0,,,,,,1000.0,0
512,584,Bruce Kessler,Bruce,Kessler,1000.0,,,,,,1000.0,0
513,585,Paul Emery,Paul,Emery,1000.0,,,,,,1000.0,0
514,587,Bernie Ecclestone,Bernie,Ecclestone,1000.0,,,,,,1000.0,0
515,588,Luigi Taramazzo,Luigi,Taramazzo,1000.0,,,,,,1000.0,0
516,591,George Amick,George,Amick,1000.0,,,,,,1000.0,0
517,592,Jimmy Reece,Jimmy,Reece,1000.0,,,,,,1000.0,0
518,593,Johnnie Parsons,Johnnie,Parsons,1000.0,,,,,,1000.0,0
519,594,Johnnie Tolan,Johnnie,Tolan,1000.0,,,,,,1000.0,0
520,595,Billy Garrett,Billy,Garrett,1000.0,,,,,,1000.0,0
521,596,Ed Elisian,Ed,Elisian,1000.0,,,,,,1000.0,0
522,597,Pat O'Connor,Pat,O'Connor,1000.0,,,,,,1000.0,0
523,598,Jerry Unser,Jerry,Unser,1000.0,,,,,,1000.0,0
524,599,Art Bisch,Art,Bisch,1000.0,,,,,,1000.0,0
525,600,Christian Goethals,Christian,Goethals,1000.0,,,,,,1000.0,0
526,601,Dick Gibson,Dick,Gibson,1000.0,,,,,,1000.0,0
527,604,François Picard,François,Picard,1000.0,,,,,,1000.0,0
528,605,Tom Bridger,Tom,Bridger,1000.0,,,,,,1000.0,0
529,610,Les Leston,Les,Leston,1000.0,,,,,,1000.0,0
530,611,Sam Hanks,Sam,Hanks,1000.0,,,,,,1000.0,0
531,612,Andy Linden,Andy,Linden,1000.0,,,,,,1000.0,0
532,613,Marshall Teague,Marshall,Teague,1000.0,,,,,,1000.0,0
533,614,Don Edmunds,Don,Edmunds,1000.0,,,,,,1000.0,0
534,615,Fred Agabashian,Fred,Agabashian,1000.0,,,,,,1000.0,0
535,616,Elmer George,Elmer,George,1000.0,,,,,,1000.0,0
536,617,Mike MacDowel,Mike,MacDowel,1000.0,,,,,,1000.0,0
537,618,Herbert MacKay-Fraser,Herbert,MacKay-Fraser,1000.0,,,,,,1000.0,0
538,621,Paul England,Paul,England,1000.0,,,,,,1000.0,0
539,628,Bob Sweikert,Bob,Sweikert,1000.0,,,,,,1000.0,0
540,629,Cliff Griffith,Cliff,Griffith,1000.0,,,,,,1000.0,0
541,630,Duke Dinsmore,Duke,Dinsmore,1000.0,,,,,,1000.0,0
542,631,Keith Andrews,Keith,Andrews,1000.0,,,,,,1000.0,0
543,634,Piero Scotti,Piero,Scotti,1000.0,,,,,,1000.0,0
544,635,Colin Chapman,Colin,Chapman,1000.0,,,,,,1000.0,0
545,636,Desmond Titterington,Desmond,Titterington,1000.0,,,,,,1000.0,0
546,637,Archie Scott Brown,Archie,Scott Brown,1000.0,,,,,,1000.0,0
547,639,André Milhoux,André,Milhoux,1000.0,,,,,,1000.0,0
548,645,Clemar Bucci,Clemar,Bucci,1000.0,,,,,,1000.0,0
549,646,Jesús Iglesias,Jesús,Iglesias,1000.0,,,,,,1000.0,0
550,649,Pablo Birger,Pablo,Birger,1000.0,,,,,,1000.0,0
551,652,Ted Whiteaway,Ted,Whiteaway,1000.0,,,,,,1000.0,0
552,653,Jimmy Davies,Jimmy,Davies,1000.0,,,,,,1000.0,0
553,654,Walt Faulkner,Walt,Faulkner,1000.0,,,,,,1000.0,0
554,655,Cal Niday,Cal,Niday,1000.0,,,,,,1000.0,0
555,656,Art Cross,Art,Cross,1000.0,,,,,,1000.0,0
556,657,Bill Vukovich,Bill,Vukovich,1000.0,,,,,,1000.0,0
557,658,Jack McGrath,Jack,McGrath,1000.0,,,,,,1000.0,0
558,659,Jerry Hoyt,Jerry,Hoyt,1000.0,,,,,,1000.0,0
559,662,Mike Sparken,Mike,Sparken,1000.0,,,,,,1000.0,0
560,666,Tony Rolt,Tony,Rolt,1000.0,,,,,,1000.0,0
561,668,Jean Lucas,Jean,Lucas,1000.0,,,,,,1000.0,0
562,671,Roger Loyer,Roger,Loyer,1000.0,,,,,,1000.0,0
563,673,Mike Nazaruk,Mike,Nazaruk,1000.0,,,,,,1000.0,0
564,674,Larry Crockett,Larry,Crockett,1000.0,,,,,,1000.0,0
565,675,Manny Ayulo,Manny,Ayulo,1000.0,,,,,,1000.0,0
566,676,Frank Armi,Frank,Armi,1000.0,,,,,,1000.0,0
567,677,Travis Webb,Travis,Webb,1000.0,,,,,,1000.0,0
568,678,Len Duncan,Len,Duncan,1000.0,,,,,,1000.0,0
569,679,Ernie McCoy,Ernie,McCoy,1000.0,,,,,,1000.0,0
570,681,Georges Berger,Georges,Berger,1000.0,,,,,,1000.0,0
571,684,Bill Whitehouse,Bill,Whitehouse,1000.0,,,,,,1000.0,0
572,685,John Riseley-Prichard,John,Riseley-Prichard,1000.0,,,,,,1000.0,0
573,691,Hermann Lang,Hermann,Lang,1000.0,,,,,,1000.0,0
574,694,Giovanni de Riu,Giovanni,de Riu,1000.0,,,,,,1000.0,0
575,698,Adolfo Cruz,Adolfo,Cruz,1000.0,,,,,,1000.0,0
576,699,Duke Nalon,Duke,Nalon,1000.0,,,,,,1000.0,0
577,700,Carl Scarborough,Carl,Scarborough,1000.0,,,,,,1000.0,0
578,701,Bill Holland,Bill,Holland,1000.0,,,,,,1000.0,0
579,702,Bob Scott,Bob,Scott,1000.0,,,,,,1000.0,0
580,703,Arthur Legat,Arthur,Legat,1000.0,,,,,,1000.0,0
581,705,Tony Crook,Tony,Crook,1000.0,,,,,,1000.0,0
582,706,Jimmy Stewart,Jimmy,Stewart,1000.0,,,,,,1000.0,0
583,707,Ian Stewart,Ian,Stewart,1000.0,,,,,,1000.0,0
584,711,Oswald Karch,Oswald,Karch,1000.0,,,,,,1000.0,0
585,712,Willi Heeks,Willi,Heeks,1000.0,,,,,,1000.0,0
586,713,Theo Fitzau,Theo,Fitzau,1000.0,,,,,,1000.0,0
587,714,Kurt Adolff,Kurt,Adolff,1000.0,,,,,,1000.0,0
588,715,Günther Bechem,Günther,Bechem,1000.0,,,,,,1000.0,0
589,716,Erwin Bauer,Erwin,Bauer,1000.0,,,,,,1000.0,0
590,717,Hans von Stuck,Hans,von Stuck,1000.0,,,,,,1000.0,0
591,718,Ernst Loof,Ernst,Loof,1000.0,,,,,,1000.0,0
592,719,Albert Scherrer,Albert,Scherrer,1000.0,,,,,,1000.0,0
593,722,Piero Carini,Piero,Carini,1000.0,,,,,,1000.0,0
594,725,George Abecassis,George,Abecassis,1000.0,,,,,,1000.0,0
595,726,George Connor,George,Connor,1000.0,,,,,,1000.0,0
596,727,Jim Rigsby,Jim,Rigsby,1000.0,,,,,,1000.0,0
597,728,Joe James,Joe,James,1000.0,,,,,,1000.0,0
598,729,Bill Schindler,Bill,Schindler,1000.0,,,,,,1000.0,0
599,730,George Fonder,George,Fonder,1000.0,,,,,,1000.0,0
600,731,Henry Banks,Henry,Banks,1000.0,,,,,,1000.0,0
601,732,Johnny McDowell,Johnny,McDowell,1000.0,,,,,,1000.0,0
602,733,Chet Miller,Chet,Miller,1000.0,,,,,,1000.0,0
603,734,Bobby Ball,Bobby,Ball,1000.0,,,,,,1000.0,0
604,739,Robin Montgomerie-Charrington,Robin,Montgomerie-Charrington,1000.0,,,,,,1000.0,0
605,745,Graham Whitehead,Graham,Whitehead,1000.0,,,,,,1000.0,0
606,747,David Murray,David,Murray,1000.0,,,,,,1000.0,0
607,749,Bill Aston,Bill,Aston,1000.0,,,,,,1000.0,0
608,750,Adolf Brudes,Adolf,Brudes,1000.0,,,,,,1000.0,0
609,752,Helmut Niedermayr,Helmut,Niedermayr,1000.0,,,,,,1000.0,0
610,754,Marcel Balsa,Marcel,Balsa,1000.0,,,,,,1000.0,0
611,755,Rudolf Schoeller,Rudolf,Schoeller,1000.0,,,,,,1000.0,0
612,756,Paul Pietsch,Paul,Pietsch,1000.0,,,,,,1000.0,0
613,757,Josef Peters,Josef,Peters,1000.0,,,,,,1000.0,0
614,758,Dries van der Lof,Dries,van der Lof,1000.0,,,,,,1000.0,0
615,759,Jan Flinterman,Jan,Flinterman,1000.0,,,,,,1000.0,0
616,760,Piero Dusio,Piero,Dusio,1000.0,,,,,,1000.0,0
617,761,Alberto Crespo,Alberto,Crespo,1000.0,,,,,,1000.0,0
618,762,Franco Rol,Franco,Rol,1000.0,,,,,,1000.0,0
619,765,Henri Louveau,Henri,Louveau,1000.0,,,,,,1000.0,0
620,766,Lee Wallard,Lee,Wallard,1000.0,,,,,,1000.0,0
621,767,Carl Forberg,Carl,Forberg,1000.0,,,,,,1000.0,0
622,768,Mauri Rose,Mauri,Rose,1000.0,,,,,,1000.0,0
623,769,Bill Mackey,Bill,Mackey,1000.0,,,,,,1000.0,0
624,770,Cecil Green,Cecil,Green,1000.0,,,,,,1000.0,0
625,771,Walt Brown,Walt,Brown,1000.0,,,,,,1000.0,0
626,772,Mack Hellings,Mack,Hellings,1000.0,,,,,,1000.0,0
627,775,Aldo Gordini,Aldo,Gordini,1000.0,,,,,,1000.0,0
628,776,Joe Kelly,Joe,Kelly,1000.0,,,,,,1000.0,0
629,777,Philip Fotheringham-Parker,Philip,Fotheringham-Parker,1000.0,,,,,,1000.0,0
630,779,John James,John,James,1000.0,,,,,,1000.0,0
631,781,Ken Richardson,Ken,Richardson,1000.0,,,,,,1000.0,0
632,782,Juan Jover,Juan,Jover,1000.0,,,,,,1000.0,0
633,783,Georges Grignard,Georges,Grignard,1000.0,,,,,,1000.0,0
634,785,Geoff Crossley,Geoff,Crossley,1000.0,,,,,,1000.0,0
635,789,Eugène Martin,Eugène,Martin,1000.0,,,,,,1000.0,0
636,790,Leslie Johnson,Leslie,Johnson,1000.0,,,,,,1000.0,0
637,791,Clemente Biondetti,Clemente,Biondetti,1000.0,,,,,,1000.0,0
638,792,Alfredo Pián,Alfredo,Pián,1000.0,,,,,,1000.0,0
639,794,Joie Chitwood,Joie,Chitwood,1000.0,,,,,,1000.0,0
640,795,Myron Fohr,Myron,Fohr,1000.0,,,,,,1000.0,0
641,796,Walt Ader,Walt,Ader,1000.0,,,,,,1000.0,0
642,797,Jackie Holmes,Jackie,Holmes,1000.0,,,,,,1000.0,0
643,798,Bayliss Levrett,Bayliss,Levrett,1000.0,,,,,,1000.0,0
644,799,Jimmy Jackson,Jimmy,Jackson,1000.0,,,,,,1000.0,0
645,801,Charles Pozzi,Charles,Pozzi,1000.0,,,,,,1000.0,0
646,802,Dorino Serafini,Dorino,Serafini,1000.0,,,,,,1000.0,0
647,803,Bill Cantrell,Bill,Cantrell,1000.0,,,,,,1000.0,0
648,804,Johnny Mantz,Johnny,Mantz,1000.0,,,,,,1000.0,0
649,805,Danny Kladis,Danny,Kladis,1000.0,,,,,,1000.0,0
650,827,André Lotterer,André,Lotterer,1000.0,,,,,,1000.0,0
651,851,Jack Aitken,Jack,Aitken,1000.0,,,,,,1000.0,0
652,864,Paul Aron,Paul,Aron,1000.0,,,,,,1000.0,0
653,865,Dino Beganovic,Dino,Beganovic,1000.0,,,,,,1000.0,0
654,867,Luke Browning,Luke,Browning,1000.0,,,,,,1000.0,0
655,868,Jak Crawford,Jak,Crawford,1000.0,,,,,,1000.0,0
656,869,Felipe Drugovich,Felipe,Drugovich,1000.0,,,,,,1000.0,0
657,870,Alexander Dunne,Alexander,Dunne,1000.0,,,,,,1000.0,0
658,871,Antonio Fuoco,Antonio,Fuoco,1000.0,,,,,,1000.0,0
659,873,Ryo Hirakawa,Ryo,Hirakawa,1000.0,,,,,,1000.0,0
660,874,Ayumu Iwasa,Ayumu,Iwasa,1000.0,,,,,,1000.0,0
661,875,Arthur Leclerc,Arthur,Leclerc,1000.0,,,,,,1000.0,0
662,877,Victor Martins,Victor,Martins,1000.0,,,,,,1000.0,0
663,878,Patricio O'Ward,Patricio,O'Ward,1000.0,,,,,,1000.0,0
664,879,Leonardo Fornaroli,Leonardo,Fornaroli,1000.0,,,,,,1000.0,0
665,880,Colton Herta,Colton,Herta,1000.0,,,,,,1000.0,0
666,376,Lucien Bianchi,Lucien,Bianchi,1000.0,,,,,,999.7497566943586,4
667,454,Ricardo Rodríguez,Ricardo,Rodríguez,1000.0,,,,,,999.3214448918777,2
668,506,Bruce Halford,Bruce,Halford,1000.0,,,,,,998.4210368544844,1
669,526,Troy Ruttman,Troy,Ruttman,1000.0,,,,,,998.2734387458767,1
670,720,Max de Terra,Max,de Terra,1000.0,,,,,,997.239961690648,1
671,606,Alfonso de Portago,Alfonso,de Portago,1000.0,,,,,,996.8520589389306,1
672,460,Gerry Ashmore,Gerry,Ashmore,1000.0,,,,,,996.701472605953,1
673,740,Franco Comotti,Franco,Comotti,1000.0,,,,,,996.3380668704316,1
674,425,Nino Vaccarella,Nino,Vaccarella,1000.0,,,,,,996.3188572543677,1
675,466,Heini Walter,Heini,Walter,1000.0,,,,,,996.3188572543677,1
676,569,Peter Ashdown,Peter,Ashdown,1000.0,,,,,,996.1894352383691,1
677,609,André Simon,André,Simon,1000.0,,,,,,996.128278978517,2
678,602,Robert La Caze,Robert,La Caze,1000.0,,,,,,995.8048330980815,1
679,603,André Guelfi,André,Guelfi,1000.0,,,,,,995.8048330980815,1
680,463,Jay Chamberlain,Jay,Chamberlain,1000.0,,,,,,995.8009320598079,1
681,469,Rob Schroeder,Rob,Schroeder,1000.0,,,,,,995.4600652655568,1
682,623,Alberto Uria,Alberto,Uria,1000.0,,,,,,995.3876863265058,1
683,806,Óscar González,Óscar,González,1000.0,,,,,,995.3876863265058,1
684,291,Guy Tunmer,Guy,Tunmer,1000.0,,,,,,995.0859251211529,1
685,780,Toni Branca,Toni,Branca,1000.0,,,,,,994.8689541306225,1
686,800,Nello Pagani,Nello,Pagani,1000.0,,,,,,994.8689541306225,1
687,480,Michael May,Michael,May,1000.0,,,,,,994.6631278638145,1
688,672,Jorge Daponte,Jorge,Daponte,1000.0,,,,,,994.4435494254943,1
689,493,Peter Ryan,Peter,Ryan,1000.0,,,,,,994.4247265250913,1
690,586,Luigi Piotti,Luigi,Piotti,1000.0,,,,,,994.3107382537078,2
691,342,Skip Barber,Skip,Barber,1000.0,,,,,,993.5563273466823,1
692,355,John Cannon,John,Cannon,1000.0,,,,,,993.4673464900774,1
693,638,Ottorino Volonterio,Ottorino,Volonterio,1000.0,,,,,,993.2517895906095,2
694,774,Eugène Chaboud,Eugène,Chaboud,1000.0,,,,,,992.926479177197,1
695,748,Eitel Cantoni,Eitel,Cantoni,1000.0,,,,,,992.9138607952743,1
696,428,Bernard Collomb,Bernard,Collomb,1000.0,,,,,,992.8303952004055,1
697,542,David Piper,David,Piper,1000.0,,,,,,992.0,1
698,664,Kenneth McAlpine,Kenneth,McAlpine,1000.0,,,,,,992.0,1
699,738,Tony Gaze,Tony,Gaze,1000.0,,,,,,992.0,1
700,743,Eric Thompson,Eric,Thompson,1000.0,,,,,,992.0,1
701,744,Ken Downing,Ken,Downing,1000.0,,,,,,992.0,1
702,667,John Fitch,John,Fitch,1000.0,,,,,,991.7330472758753,1
703,139,Emanuele Pirro,Emanuele,Pirro,1000.0,,,,,,991.6785182654895,7
704,379,Kurt Ahrens,Kurt,Ahrens,1000.0,,,,,,991.097140914709,1
705,735,Charles de Tornaco,Charles,de Tornaco,1000.0,,,,,,990.1261127910241,1
706,410,Neville Lederle,Neville,Lederle,1000.0,,,,,,989.250414986249,1
707,413,Ernie Pieterse,Ernie,Pieterse,1000.0,,,,,,989.250414986249,1
708,625,Élie Bayol,Élie,Bayol,1000.0,,,,,,988.8276146734439,1
709,551,Maria de Filippis,Maria,de Filippis,1000.0,,,,,,988.7702691368274,1
710,622,Chico Landi,Chico,Landi,1000.0,,,,,,988.3992046523379,2
711,736,Roger Laurent,Roger,Laurent,1000.0,,,,,,988.121864150251,2
712,489,Renato Pirocchi,Renato,Pirocchi,1000.0,,,,,,988.0,1
713,665,Leslie Marr,Leslie,Marr,1000.0,,,,,,988.0,1
714,683,Leslie Thorne,Leslie,Thorne,1000.0,,,,,,988.0,1
715,692,Theo Helfrich,Theo,Helfrich,1000.0,,,,,,988.0,1
716,724,Toni Ulmen,Toni,Ulmen,1000.0,,,,,,988.0,1
717,753,Hans Klenk,Hans,Klenk,1000.0,,,,,,988.0,1
718,788,Joe Fry,Joe,Fry,1000.0,,,,,,988.0,1
719,471,Bruce Johnstone,Bruce,Johnstone,1000.0,,,,,,987.8238870027312,1
720,567,Fritz d'Orey,Fritz,d'Orey,1000.0,,,,,,987.8229708339314,1
721,61,Tomáš Enge,Tomáš,Enge,1000.0,,,,,,987.17385497992,1
722,420,Ian Raby,Ian,Raby,1000.0,,,,,,987.0737141034574,1
723,397,Peter Arundell,Peter,Arundell,1000.0,,,,,,987.0402403977691,1
724,693,Fred Wacker,Fred,Wacker,1000.0,,,,,,986.8602076855112,1
725,746,Gino Bianco,Gino,Bianco,1000.0,,,,,,986.824180555846,1
726,764,Guy Mairesse,Guy,Mairesse,1000.0,,,,,,986.4289299400524,2
727,468,Roger Penske,Roger,Penske,1000.0,,,,,,986.0210709270308,2
728,721,Peter Hirt,Peter,Hirt,1000.0,,,,,,984.9456063322824,2
729,353,Pete Lovely,Pete,Lovely,1000.0,,,,,,984.7995673276131,1
730,292,Eddie Keizan,Eddie,Keizan,1000.0,,,,,,983.9122971649895,2
731,436,John Campbell-Jones,John,Campbell-Jones,1000.0,,,,,,983.6324274736983,2
732,320,Peter Gethin,Peter,Gethin,1000.0,,,,,,983.2255113012312,11
733,763,Consalvo Sanesi,Consalvo,Sanesi,1000.0,,,,,,982.6166812959563,2
734,147,Paolo Barilla,Paolo,Barilla,1000.0,,,,,,982.6080481955786,1
735,126,Toshio Suzuki,Toshio,Suzuki,1000.0,,,,,,981.8565113454682,1
736,607,Cesare Perdisa,Cesare,Perdisa,1000.0,,,,,,981.6773567774574,3
737,168,Jean-Louis Schlesser,Jean-Louis,Schlesser,1000.0,,,,,,981.654913932746,1
738,249,Bobby Rahal,Bobby,Rahal,1000.0,,,,,,981.0321016864614,1
739,82,Norberto Fontana,Norberto,Fontana,1000.0,,,,,,980.5990437131014,1
740,116,Franck Lagorce,Franck,Lagorce,1000.0,,,,,,980.571768169555,1
741,566,Carroll Shelby,Carroll,Shelby,1000.0,,,,,,980.4221016513551,1
742,680,Jacques Swaters,Jacques,Swaters,1000.0,,,,,,980.3813132459578,3
743,695,Oscar Gálvez,Oscar,Gálvez,1000.0,,,,,,980.1460761912786,1
744,47,Zsolt Baumgartner,Zsolt,Baumgartner,1000.0,,,,,,980.1441863262819,6
745,113,Philippe Adams,Philippe,Adams,1000.0,,,,,,979.9085892046891,1
746,362,Peter de Klerk,Peter,de Klerk,1000.0,,,,,,979.6916563621287,1
747,121,Michael Andretti,Michael,Andretti,1000.0,,,,,,979.472737880996,4
748,216,Siegfried Stohr,Siegfried,Stohr,1000.0,,,,,,979.1914321068498,1
749,99,Gabriele Tarquini,Gabriele,Tarquini,1000.0,,,,,,979.0729713623657,1
750,773,Pierre Levegh,Pierre,Levegh,1000.0,,,,,,978.901025797931,3
751,497,Alberto Rodriguez Larreta,Alberto Rodriguez,Larreta,1000.0,,,,,,977.654149255508,1
752,270,Ian Ashley,Ian,Ashley,1000.0,,,,,,977.4979265140679,1
753,583,Gerino Gerini,Gerino,Gerini,1000.0,,,,,,977.462901486498,4
754,274,Noritake Takahara,Noritake,Takahara,1000.0,,,,,,977.1933460560064,1
755,382,Moisés Solana,Moisés,Solana,1000.0,,,,,,976.868669479981,1
756,125,Emanuele Naspetti,Emanuele,Naspetti,1000.0,,,,,,976.700164617177,1
757,737,Robert O'Brien,Robert,O'Brien,1000.0,,,,,,976.1369890283136,1
758,272,Kunimitsu Takahashi,Kunimitsu,Takahashi,1000.0,,,,,,976.0547034683716,1
759,167,Adrián Campos,Adrián,Campos,1000.0,,,,,,976.0,1
760,195,Roberto Guerrero,Roberto,Guerrero,1000.0,,,,,,976.0,1
761,269,Teddy Pilette,Teddy,Pilette,1000.0,,,,,,976.0,1
762,407,David Prophet,David,Prophet,1000.0,,,,,,976.0,1
763,439,Nasif Estéfano,Nasif,Estéfano,1000.0,,,,,,976.0,1
764,650,Jacques Pollet,Jacques,Pollet,1000.0,,,,,,976.0,1
765,690,Rodney Nuckey,Rodney,Nuckey,1000.0,,,,,,976.0,1
766,709,Ernst Klodwig,Ernst,Klodwig,1000.0,,,,,,976.0,1
767,787,Cuth Harrison,Cuth,Harrison,1000.0,,,,,,976.0,1
768,793,Raymond Sommer,Raymond,Sommer,1000.0,,,,,,976.0,1
769,399,John Taylor,John,Taylor,1000.0,,,,,,975.3105059259775,1
770,499,Roberto Bonomi,Roberto,Bonomi,1000.0,,,,,,975.236309614881,1
771,661,Peter Walker,Peter,Walker,1000.0,,,,,,975.171398827246,1
772,423,Gerhard Mitter,Gerhard,Mitter,1000.0,,,,,,975.1530333269291,1
773,93,Domenico Schiattarella,Domenico,Schiattarella,1000.0,,,,,,974.9843202064617,1
774,111,Jean-Marc Gounon,Jean-Marc,Gounon,1000.0,,,,,,974.3441678076198,1
775,390,Alan Rees,Alan,Rees,1000.0,,,,,,973.950027487238,1
776,580,Paco Godia,Paco,Godia,1000.0,,,,,,973.159756775351,7
777,486,Jack Fairman,Jack,Fairman,1000.0,,,,,,972.1278158491085,2
778,74,Esteban Tuero,Esteban,Tuero,1000.0,,,,,,972.0380610336657,1
779,350,Vic Elford,Vic,Elford,1000.0,,,,,,971.8550738988012,3
780,75,Shinji Nakano,Shinji,Nakano,1000.0,,,,,,970.0773036297261,7
781,284,Alessandro Pesenti-Rossi,Alessandro,Pesenti-Rossi,1000.0,,,,,,969.5503910535236,2
782,208,Emilio de Villota,Emilio,de Villota,1000.0,,,,,,969.3098514714437,1
783,19,Anthony Davidson,Anthony,Davidson,1000.0,,,,,,968.8581441765463,11
784,459,Tony Marsh,Tony,Marsh,1000.0,,,,,,968.1269183547137,3
785,160,Piercarlo Ghinzani,Piercarlo,Ghinzani,1000.0,,,,,,967.6172542558135,6
786,590,Stuart Lewis-Evans,Stuart,Lewis-Evans,1000.0,,,,,,967.1315341903445,4
787,351,Silvio Moser,Silvio,Moser,1000.0,,,,,,966.502113267646,2
788,92,Bertrand Gachot,Bertrand,Gachot,1000.0,,,,,,965.395992239519,4
789,293,Dave Charlton,Dave,Charlton,1000.0,,,,,,965.3423822742392,2
790,36,Franck Montagny,Franck,Montagny,1000.0,,,,,,965.1694679440487,1
791,308,Richard Robarts,Richard,Robarts,1000.0,,,,,,965.0855872091443,2
792,429,André Pilette,André,Pilette,1000.0,,,,,,964.8249065556607,4
793,108,Paul Belmondo,Paul,Belmondo,1000.0,,,,,,964.0478724697979,4
794,383,Bob Anderson,Bob,Anderson,1000.0,,,,,,963.4058063179244,8
795,687,Peter Whitehead,Peter,Whitehead,1000.0,,,,,,963.3429120245049,3
796,34,Yuji Ide,Yuji,Ide,1000.0,,,,,,963.2466186290332,1
797,876,Arvid Lindblad,Arvid,Lindblad,1000.0,,,,,,962.5498244150772,4
798,256,Larry Perkins,Larry,Perkins,1000.0,,,,,,962.4998972933458,2
799,723,Rudi Fischer,Rudi,Fischer,1000.0,,,,,,962.3140026933008,6
800,387,Mike Parkes,Mike,Parkes,1000.0,,,,,,962.2078640064939,2
801,440,Jim Hall,Jim,Hall,1000.0,,,,,,962.0742458510207,5
802,620,Umberto Maglioli,Umberto,Maglioli,1000.0,,,,,,961.7143578576606,5
803,83,Pedro Lamy,Pedro,Lamy,1000.0,,,,,,961.6851923585449,8
804,547,Horace Gould,Horace,Gould,1000.0,,,,,,961.6774110597394,5
805,352,George Eaton,George,Eaton,1000.0,,,,,,961.4076672663244,3
806,850,Pietro Fittipaldi,Pietro,Fittipaldi,1000.0,,,,,,960.9025377575027,2
807,340,John Love,John,Love,1000.0,,,,,,958.9259307847074,4
808,359,Johnny Servoz-Gavin,Johnny,Servoz-Gavin,1000.0,,,,,,958.034141458639,3
809,317,Reine Wisell,Reine,Wisell,1000.0,,,,,,957.8663928132494,5
810,455,Wolfgang Seidel,Wolfgang,Seidel,1000.0,,,,,,957.7023305787669,3
811,174,Johnny Dumfries,Johnny,Dumfries,1000.0,,,,,,957.4612831783782,3
812,697,Felice Bonetto,Felice,Bonetto,1000.0,,,,,,956.9018585737781,6
813,141,Julian Bailey,Julian,Bailey,1000.0,,,,,,956.8755239936714,2
814,396,Bob Bondurant,Bob,Bondurant,1000.0,,,,,,956.2428702256989,3
815,549,Ivor Bueb,Ivor,Bueb,1000.0,,,,,,953.655229346888,2
816,862,Jack Doohan,Jack,Doohan,1000.0,,,,,,953.2560308839503,3
817,217,Ricardo Zunino,Ricardo,Zunino,1000.0,,,,,,952.8119740941504,2
818,741,Philippe Étancelin,Philippe,Étancelin,1000.0,,,,,,952.5407778218123,4
819,112,Philippe Alliot,Philippe,Alliot,1000.0,,,,,,950.51154840964,23
820,58,Tarso Marques,Tarso,Marques,1000.0,,,,,,949.5168370168309,4
821,89,Taki Inoue,Taki,Inoue,1000.0,,,,,,949.1022868872944,2
822,267,Vern Schuppan,Vern,Schuppan,1000.0,,,,,,947.7449230487861,3
823,45,Giorgio Pantano,Giorgio,Pantano,1000.0,,,,,,947.620549423396,3
824,688,Eric Brandon,Eric,Brandon,1000.0,,,,,,947.6146619866411,4
825,481,Henry Taylor,Henry,Taylor,1000.0,,,,,,946.6523316939564,7
826,648,Karl Kling,Karl,Kling,1000.0,,,,,,946.5899946293396,6
827,453,Jackie Lewis,Jackie,Lewis,1000.0,,,,,,945.2206465022584,5
828,229,Harald Ertl,Harald,Ertl,1000.0,,,,,,945.0775783624616,3
829,296,François Migault,François,Migault,1000.0,,,,,,944.4316350086327,4
830,42,Antônio Pizzonia,Antônio,Pizzonia,1000.0,,,,,,942.2847878795534,8
831,375,Ludovico Scarfiotti,Ludovico,Scarfiotti,1000.0,,,,,,939.7096763229367,6
832,651,Lance Macklin,Lance,Macklin,1000.0,,,,,,938.7551193801697,4
833,223,Clay Regazzoni,Clay,Regazzoni,1000.0,,,,,,937.7326351679164,53
834,53,Nicolas Kiesa,Nicolas,Kiesa,1000.0,,,,,,935.749435266937,3
835,73,Ricardo Rosset,Ricardo,Rosset,1000.0,,,,,,934.961077084189,3
836,330,Nanni Galli,Nanni,Galli,1000.0,,,,,,934.7574291271297,4
837,196,Raul Boesel,Raul,Boesel,1000.0,,,,,,933.5027887999919,3
838,501,Harry Schell,Harry,Schell,1000.0,,,,,,931.0842910720085,26
839,157,Christian Danner,Christian,Danner,1000.0,,,,,,930.7474937109536,4
840,275,Lella Lombardi,Lella,Lombardi,1000.0,,,,,,930.2481606567325,3
841,405,Ronnie Bucknum,Ronnie,Bucknum,1000.0,,,,,,929.8602564397124,3
842,90,Roberto Moreno,Roberto,Moreno,1000.0,,,,,,929.5371402879116,8
843,201,Slim Borgudd,Slim,Borgudd,1000.0,,,,,,929.4247290342938,3
844,640,Toulo de Graffenried,Toulo,de Graffenried,1000.0,,,,,,928.8672636478723,9
845,183,François Hesnault,François,Hesnault,1000.0,,,,,,928.828230724383,3
846,205,Brian Henton,Brian,Henton,1000.0,,,,,,927.1562086670249,4
847,322,David Hobbs,David,Hobbs,1000.0,,,,,,926.9301681221988,4
848,338,David Walker,David,Walker,1000.0,,,,,,925.3906655461968,4
849,482,Olivier Gendebien,Olivier,Gendebien,1000.0,,,,,,923.297124791618,10
850,151,Martin Donnelly,Martin,Donnelly,1000.0,,,,,,922.3755032939428,6
851,437,Ian Burgess,Ian,Burgess,1000.0,,,,,,920.5637592016826,8
852,853,Nikita Mazepin,Nikita,Mazepin,1000.0,,,,,,918.7888801536529,14
853,786,Luigi Fagioli,Luigi,Fagioli,1000.0,,,,,,918.7664068293627,5
854,660,Johnny Claes,Johnny,Claes,1000.0,,,,,,917.9960618432419,9
855,166,Philippe Streiff,Philippe,Streiff,1000.0,,,,,,916.4849249198768,14
856,76,Jan Magnussen,Jan,Magnussen,1000.0,,,,,,915.9649740039285,4
857,329,Mike Beuttler,Mike,Beuttler,1000.0,,,,,,915.822066621681,8
858,389,Guy Ligier,Guy,Ligier,1000.0,,,,,,915.1364427773515,6
859,239,Brett Lunger,Brett,Lunger,1000.0,,,,,,912.5777232682274,17
860,96,Jean-Christophe Boullion,Jean-Christophe,Boullion,1000.0,,,,,,912.2396876600947,6
861,265,Guy Edwards,Guy,Edwards,1000.0,,,,,,911.7763916415051,4
862,41,Ricardo Zonta,Ricardo,Zonta,1000.0,,,,,,907.2760687818447,8
863,337,Helmut Marko,Helmut,Marko,1000.0,,,,,,906.1993975620805,6
864,62,Alex Yoong,Alex,Yoong,1000.0,,,,,,905.1363549992183,5
865,6,Kazuki Nakajima,Kazuki,Nakajima,1000.0,,,,,,902.9251923071091,27
866,32,Christian Klien,Christian,Klien,1000.0,,,,,,900.8634050828715,26
867,60,Gastón Mazzacane,Gastón,Mazzacane,1000.0,,,,,,898.5164153458869,6
868,430,Carel Godin de Beaufort,Carel Godin,de Beaufort,1000.0,,,,,,890.0920891442992,13
869,633,Luigi Villoresi,Luigi,Villoresi,1000.0,,,,,,879.5478192251145,16
870,212,Hector Rebaque,Hector,Rebaque,1000.0,,,,,,877.7426042461663,12
871,837,Rio Haryanto,Rio,Haryanto,1000.0,,,,,,874.3404605590415,8
872,81,Gianni Morbidelli,Gianni,Morbidelli,1000.0,,,,,,870.7798778388737,15
873,820,Max Chilton,Max,Chilton,1000.0,,,,,,857.7539013003998,26
874,70,Alessandro Zanardi,Alessandro,Zanardi,1000.0,,,,,,852.2908341077509,10
875,7,Sébastien Bourdais,Sébastien,Bourdais,1000.0,,,,,,844.2400242761686,14
876,29,Sakon Yamamoto,Sakon,Yamamoto,1000.0,,,,,,831.6724650251158,9
877,138,Satoru Nakajima,Satoru,Nakajima,1000.0,,,,,,815.5961606827073,22
878,858,Logan Sargeant,Logan,Sargeant,1000.0,,,,,,809.1252080071768,23
879,280,Henri Pescarolo,Henri,Pescarolo,1000.0,,,,,,795.7568008501289,19
